hap,n,Gm20_45721130_MG1,Gm20_45721130_MG2,Gm20_45721130_MG3,Gm20_45721130_MG4,Gm20_45721130_MG5,Gm20_45721130_MG6,Gm20_45721130_MG7,Gm20_45721130_MG8,Gm20_45721130_MG9,Gm20_45721130_MG10,Gm20_45721130_MG11,Gm20_45721130_MG12,Gm20_45721130_MG13,Gm20_45721130_MG14,Gm20_45721130_MG15,Gm20_45721130_MG16,Gm20_45721130_MG17,epsilon,MGmin,chr,pos
Gm20_45721130_A,45,2,2,2,2,2,2,2,2,2,2,0,2,0,0,0,0,0,0.4,18,20,45721130
Gm20_45721130_B,42,2,2,2,2,2,2,2,2,0,2,2,0,0,0,0,0,2,0.4,18,20,45721130
Gm20_45721130_C,33,0,0,0,0,0,0,0,0,0,0,0,0,0,0,0,0,0,0.4,18,20,45721130
Gm20_45721130_D,17,2,2,2,2,0,2,2,0,0,0,0,0,2,2,2,2,0,0.4,18,20,45721130
Gm20_45721130_E,15,0,0,2,0,0,0,0,0,0,0,0,0,2,0,0,0,0,0.4,18,20,45721130
Gm20_45721130_F,9,2,2,0,0,2,0,0,0,2,0,0,0,0,0,0,0,0,0.4,18,20,45721130
Gm20_45721130_G,8,0,0,0,0,0,0,0,0,2,0,0,0,0,0,0,0,0,0.4,18,20,45721130
Gm20_45721130_H,7,2,2,2,2,2,2,2,2,0,2,0,2,0,0,0,0,0,0.4,18,20,45721130
Gm20_45721130_I,6,2,2,2,2,2,2,2,2,0,0,0,2,0,0,0,0,0,0.4,18,20,45721130
Gm20_45721130_J,6,2,2,2,2,2,2,2,2,2,2,2,0,0,0,0,0,0,0.4,18,20,45721130
Gm20_45721130_K,5,2,0,2,0,0,2,0,0,0,0,0,0,2,2,0,0,0,0.4,18,20,45721130
Gm20_45721130_L,5,2,2,2,2,2,2,2,2,2,0,2,0,0,0,0,0,0,0.4,18,20,45721130
Gm20_45721130_M,4,2,2,0,2,2,0,0,0,2,0,0,0,0,0,0,0,0,0.4,18,20,45721130
