Ind,hap,Pheno,Metadata,n_haplotypes,n_MGs,coverage,mean_aaf,pct_usable_aaf,epsilon,MGmin,chr,pos,region_id
PI322693,Gm17_5661793_0,2,S,6,7,1.01382488479263,0.16739667004323,1,0.2,25,17,5661793,Gm17_5661793
PI407733,Gm17_5661793_D,1,R,6,7,1.01382488479263,0.16739667004323,1,0.2,25,17,5661793,Gm17_5661793
PI158765,Gm17_5661793_E,2,S,6,7,1.01382488479263,0.16739667004323,1,0.2,25,17,5661793,Gm17_5661793
PI404163,Gm17_5661793_C,2,S,6,7,1.01382488479263,0.16739667004323,1,0.2,25,17,5661793,Gm17_5661793
PI404173A,Gm17_5661793_D,2,S,6,7,1.01382488479263,0.16739667004323,1,0.2,25,17,5661793,Gm17_5661793
PI476917,Gm17_5661793_A,2,S,6,7,1.01382488479263,0.16739667004323,1,0.2,25,17,5661793,Gm17_5661793
PI548348,Gm17_5661793_B,2,S,6,7,1.01382488479263,0.16739667004323,1,0.2,25,17,5661793,Gm17_5661793
PI578368,Gm17_5661793_B,2,S,6,7,1.01382488479263,0.16739667004323,1,0.2,25,17,5661793,Gm17_5661793
PI603395,Gm17_5661793_C,2,S,6,7,1.01382488479263,0.16739667004323,1,0.2,25,17,5661793,Gm17_5661793
PI603497,Gm17_5661793_A,2,S,6,7,1.01382488479263,0.16739667004323,1,0.2,25,17,5661793,Gm17_5661793
PI69507,Gm17_5661793_B,2,S,6,7,1.01382488479263,0.16739667004323,1,0.2,25,17,5661793,Gm17_5661793
PI79797,Gm17_5661793_A,2,S,6,7,1.01382488479263,0.16739667004323,1,0.2,25,17,5661793,Gm17_5661793
PI89061,Gm17_5661793_A,1,R,6,7,1.01382488479263,0.16739667004323,1,0.2,25,17,5661793,Gm17_5661793
PI89074,Gm17_5661793_C,2,S,6,7,1.01382488479263,0.16739667004323,1,0.2,25,17,5661793,Gm17_5661793
PI407765,Gm17_5661793_D,1,R,6,7,1.01382488479263,0.16739667004323,1,0.2,25,17,5661793,Gm17_5661793
PI518729,Gm17_5661793_B,2,S,6,7,1.01382488479263,0.16739667004323,1,0.2,25,17,5661793,Gm17_5661793
PI62202,Gm17_5661793_A,1,R,6,7,1.01382488479263,0.16739667004323,1,0.2,25,17,5661793,Gm17_5661793
PI91346,Gm17_5661793_C,2,S,6,7,1.01382488479263,0.16739667004323,1,0.2,25,17,5661793,Gm17_5661793
PI548340,Gm17_5661793_A,2,S,6,7,1.01382488479263,0.16739667004323,1,0.2,25,17,5661793,Gm17_5661793
PI548383,Gm17_5661793_B,2,S,6,7,1.01382488479263,0.16739667004323,1,0.2,25,17,5661793,Gm17_5661793
PI548388,Gm17_5661793_A,2,S,6,7,1.01382488479263,0.16739667004323,1,0.2,25,17,5661793,Gm17_5661793
PI548466,Gm17_5661793_0,2,S,6,7,1.01382488479263,0.16739667004323,1,0.2,25,17,5661793,Gm17_5661793
PI70013,Gm17_5661793_B,2,S,6,7,1.01382488479263,0.16739667004323,1,0.2,25,17,5661793,Gm17_5661793
PI79832,Gm17_5661793_D,2,S,6,7,1.01382488479263,0.16739667004323,1,0.2,25,17,5661793,Gm17_5661793
PI179825,Gm17_5661793_A,2,S,6,7,1.01382488479263,0.16739667004323,1,0.2,25,17,5661793,Gm17_5661793
PI479722,Gm17_5661793_A,2,S,6,7,1.01382488479263,0.16739667004323,1,0.2,25,17,5661793,Gm17_5661793
PI548318,Gm17_5661793_B,2,S,6,7,1.01382488479263,0.16739667004323,1,0.2,25,17,5661793,Gm17_5661793
PI91153,Gm17_5661793_B,2,S,6,7,1.01382488479263,0.16739667004323,1,0.2,25,17,5661793,Gm17_5661793
PI92651,Gm17_5661793_E,2,S,6,7,1.01382488479263,0.16739667004323,1,0.2,25,17,5661793,Gm17_5661793
PI92659,Gm17_5661793_B,2,S,6,7,1.01382488479263,0.16739667004323,1,0.2,25,17,5661793,Gm17_5661793
PI92713,Gm17_5661793_A,2,S,6,7,1.01382488479263,0.16739667004323,1,0.2,25,17,5661793,Gm17_5661793
PI92718.2,Gm17_5661793_B,1,R,6,7,1.01382488479263,0.16739667004323,1,0.2,25,17,5661793,Gm17_5661793
PI548391,Gm17_5661793_B,1,R,6,7,1.01382488479263,0.16739667004323,1,0.2,25,17,5661793,Gm17_5661793
PI88486,Gm17_5661793_A,1,R,6,7,1.01382488479263,0.16739667004323,1,0.2,25,17,5661793,Gm17_5661793
PI88492,Gm17_5661793_C,2,S,6,7,1.01382488479263,0.16739667004323,1,0.2,25,17,5661793,Gm17_5661793
PI567528A,Gm17_5661793_A,2,S,6,7,1.01382488479263,0.16739667004323,1,0.2,25,17,5661793,Gm17_5661793
PI407749,Gm17_5661793_B,2,S,6,7,1.01382488479263,0.16739667004323,1,0.2,25,17,5661793,Gm17_5661793
PI407752,Gm17_5661793_B,2,S,6,7,1.01382488479263,0.16739667004323,1,0.2,25,17,5661793,Gm17_5661793
PI407758,Gm17_5661793_B,2,S,6,7,1.01382488479263,0.16739667004323,1,0.2,25,17,5661793,Gm17_5661793
PI407763,Gm17_5661793_B,2,S,6,7,1.01382488479263,0.16739667004323,1,0.2,25,17,5661793,Gm17_5661793
PI283327,Gm17_5661793_A,2,S,6,7,1.01382488479263,0.16739667004323,1,0.2,25,17,5661793,Gm17_5661793
PI283330,Gm17_5661793_A,2,S,6,7,1.01382488479263,0.16739667004323,1,0.2,25,17,5661793,Gm17_5661793
PI304218,Gm17_5661793_C,2,S,6,7,1.01382488479263,0.16739667004323,1,0.2,25,17,5661793,Gm17_5661793
PI417567,Gm17_5661793_A,2,S,6,7,1.01382488479263,0.16739667004323,1,0.2,25,17,5661793,Gm17_5661793
PI189891,Gm17_5661793_C,2,S,6,7,1.01382488479263,0.16739667004323,1,0.2,25,17,5661793,Gm17_5661793
PI404153,Gm17_5661793_A,2,S,6,7,1.01382488479263,0.16739667004323,1,0.2,25,17,5661793,Gm17_5661793
PI404161,Gm17_5661793_D,1,R,6,7,1.01382488479263,0.16739667004323,1,0.2,25,17,5661793,Gm17_5661793
PI437124,Gm17_5661793_A,2,S,6,7,1.01382488479263,0.16739667004323,1,0.2,25,17,5661793,Gm17_5661793
PI507690,Gm17_5661793_B,1,R,6,7,1.01382488479263,0.16739667004323,1,0.2,25,17,5661793,Gm17_5661793
PI346306,Gm17_5661793_A,2,S,6,7,1.01382488479263,0.16739667004323,1,0.2,25,17,5661793,Gm17_5661793
PI346307,Gm17_5661793_A,2,S,6,7,1.01382488479263,0.16739667004323,1,0.2,25,17,5661793,Gm17_5661793
PI346308,Gm17_5661793_D,2,S,6,7,1.01382488479263,0.16739667004323,1,0.2,25,17,5661793,Gm17_5661793
PI346309,Gm17_5661793_A,2,S,6,7,1.01382488479263,0.16739667004323,1,0.2,25,17,5661793,Gm17_5661793
PI438427,Gm17_5661793_A,2,S,6,7,1.01382488479263,0.16739667004323,1,0.2,25,17,5661793,Gm17_5661793
PI323555,Gm17_5661793_C,2,S,6,7,1.01382488479263,0.16739667004323,1,0.2,25,17,5661793,Gm17_5661793
PI323556,Gm17_5661793_D,2,S,6,7,1.01382488479263,0.16739667004323,1,0.2,25,17,5661793,Gm17_5661793
PI80834.1,Gm17_5661793_B,2,S,6,7,1.01382488479263,0.16739667004323,1,0.2,25,17,5661793,Gm17_5661793
PI80479,Gm17_5661793_B,2,S,6,7,1.01382488479263,0.16739667004323,1,0.2,25,17,5661793,Gm17_5661793
PI506528,Gm17_5661793_A,2,S,6,7,1.01382488479263,0.16739667004323,1,0.2,25,17,5661793,Gm17_5661793
PI548469,Gm17_5661793_B,2,S,6,7,1.01382488479263,0.16739667004323,1,0.2,25,17,5661793,Gm17_5661793
PI96169,Gm17_5661793_B,2,S,6,7,1.01382488479263,0.16739667004323,1,0.2,25,17,5661793,Gm17_5661793
PI97038,Gm17_5661793_E,2,S,6,7,1.01382488479263,0.16739667004323,1,0.2,25,17,5661793,Gm17_5661793
PI97235,Gm17_5661793_0,1,R,6,7,1.01382488479263,0.16739667004323,1,0.2,25,17,5661793,Gm17_5661793
PI438310,Gm17_5661793_B,2,S,6,7,1.01382488479263,0.16739667004323,1,0.2,25,17,5661793,Gm17_5661793
PI84946.1,Gm17_5661793_A,2,S,6,7,1.01382488479263,0.16739667004323,1,0.2,25,17,5661793,Gm17_5661793
PI91082,Gm17_5661793_B,2,S,6,7,1.01382488479263,0.16739667004323,1,0.2,25,17,5661793,Gm17_5661793
PI84594,Gm17_5661793_A,1,R,6,7,1.01382488479263,0.16739667004323,1,0.2,25,17,5661793,Gm17_5661793
PI283331,Gm17_5661793_A,2,S,6,7,1.01382488479263,0.16739667004323,1,0.2,25,17,5661793,Gm17_5661793
PI438435A,Gm17_5661793_C,2,S,6,7,1.01382488479263,0.16739667004323,1,0.2,25,17,5661793,Gm17_5661793
PI471931,Gm17_5661793_B,2,S,6,7,1.01382488479263,0.16739667004323,1,0.2,25,17,5661793,Gm17_5661793
PI471938,Gm17_5661793_B,1,R,6,7,1.01382488479263,0.16739667004323,1,0.2,25,17,5661793,Gm17_5661793
PI471942,Gm17_5661793_A,2,S,6,7,1.01382488479263,0.16739667004323,1,0.2,25,17,5661793,Gm17_5661793
PI104708,Gm17_5661793_A,2,S,6,7,1.01382488479263,0.16739667004323,1,0.2,25,17,5661793,Gm17_5661793
PI437338,Gm17_5661793_A,2,S,6,7,1.01382488479263,0.16739667004323,1,0.2,25,17,5661793,Gm17_5661793
PI148260,Gm17_5661793_C,1,R,6,7,1.01382488479263,0.16739667004323,1,0.2,25,17,5661793,Gm17_5661793
PI170895,Gm17_5661793_B,2,S,6,7,1.01382488479263,0.16739667004323,1,0.2,25,17,5661793,Gm17_5661793
PI170896,Gm17_5661793_A,1,R,6,7,1.01382488479263,0.16739667004323,1,0.2,25,17,5661793,Gm17_5661793
PI504510,Gm17_5661793_B,2,S,6,7,1.01382488479263,0.16739667004323,1,0.2,25,17,5661793,Gm17_5661793
PI170380,Gm17_5661793_B,2,S,6,7,1.01382488479263,0.16739667004323,1,0.2,25,17,5661793,Gm17_5661793
PI171652,Gm17_5661793_A,2,S,6,7,1.01382488479263,0.16739667004323,1,0.2,25,17,5661793,Gm17_5661793
PI381659,Gm17_5661793_C,1,R,6,7,1.01382488479263,0.16739667004323,1,0.2,25,17,5661793,Gm17_5661793
PI544354,Gm17_5661793_B,2,S,6,7,1.01382488479263,0.16739667004323,1,0.2,25,17,5661793,Gm17_5661793
PI553039,Gm17_5661793_B,1,R,6,7,1.01382488479263,0.16739667004323,1,0.2,25,17,5661793,Gm17_5661793
PI553052,Gm17_5661793_B,2,S,6,7,1.01382488479263,0.16739667004323,1,0.2,25,17,5661793,Gm17_5661793
PI639187,Gm17_5661793_B,2,S,6,7,1.01382488479263,0.16739667004323,1,0.2,25,17,5661793,Gm17_5661793
PI355067,Gm17_5661793_B,2,S,6,7,1.01382488479263,0.16739667004323,1,0.2,25,17,5661793,Gm17_5661793
PI355067S,Gm17_5661793_B,NA,S,6,7,1.01382488479263,0.16739667004323,1,0.2,25,17,5661793,Gm17_5661793
PI355068,Gm17_5661793_B,2,S,6,7,1.01382488479263,0.16739667004323,1,0.2,25,17,5661793,Gm17_5661793
PI355069,Gm17_5661793_B,2,S,6,7,1.01382488479263,0.16739667004323,1,0.2,25,17,5661793,Gm17_5661793
PI355070,Gm17_5661793_E,2,S,6,7,1.01382488479263,0.16739667004323,1,0.2,25,17,5661793,Gm17_5661793
PI548304,Gm17_5661793_A,2,S,6,7,1.01382488479263,0.16739667004323,1,0.2,25,17,5661793,Gm17_5661793
PI548625,Gm17_5661793_C,2,S,6,7,1.01382488479263,0.16739667004323,1,0.2,25,17,5661793,Gm17_5661793
PI548653,Gm17_5661793_B,1,R,6,7,1.01382488479263,0.16739667004323,1,0.2,25,17,5661793,Gm17_5661793
PI548653,Gm17_5661793_B,1,R,6,7,1.01382488479263,0.16739667004323,1,0.2,25,17,5661793,Gm17_5661793
PI548977,Gm17_5661793_B,1,R,6,7,1.01382488479263,0.16739667004323,1,0.2,25,17,5661793,Gm17_5661793
PI548980,Gm17_5661793_B,1,R,6,7,1.01382488479263,0.16739667004323,1,0.2,25,17,5661793,Gm17_5661793
PI543795,Gm17_5661793_B,2,S,6,7,1.01382488479263,0.16739667004323,1,0.2,25,17,5661793,Gm17_5661793
PI633736,Gm17_5661793_B,2,S,6,7,1.01382488479263,0.16739667004323,1,0.2,25,17,5661793,Gm17_5661793
PI548477,Gm17_5661793_C,1,R,6,7,1.01382488479263,0.16739667004323,1,0.2,25,17,5661793,Gm17_5661793
PI634193,Gm17_5661793_B,2,S,6,7,1.01382488479263,0.16739667004323,1,0.2,25,17,5661793,Gm17_5661793
PI189926,Gm17_5661793_A,2,S,6,7,1.01382488479263,0.16739667004323,1,0.2,25,17,5661793,Gm17_5661793
PI404154,Gm17_5661793_B,2,S,6,7,1.01382488479263,0.16739667004323,1,0.2,25,17,5661793,Gm17_5661793
PI417582,Gm17_5661793_C,1,R,6,7,1.01382488479263,0.16739667004323,1,0.2,25,17,5661793,Gm17_5661793
PI508268,Gm17_5661793_B,1,R,6,7,1.01382488479263,0.16739667004323,1,0.2,25,17,5661793,Gm17_5661793
PI548667,Gm17_5661793_B,2,S,6,7,1.01382488479263,0.16739667004323,1,0.2,25,17,5661793,Gm17_5661793
PI553038,Gm17_5661793_B,1,R,6,7,1.01382488479263,0.16739667004323,1,0.2,25,17,5661793,Gm17_5661793
PI553038,Gm17_5661793_B,1,R,6,7,1.01382488479263,0.16739667004323,1,0.2,25,17,5661793,Gm17_5661793
PI553043,Gm17_5661793_B,2,S,6,7,1.01382488479263,0.16739667004323,1,0.2,25,17,5661793,Gm17_5661793
PI235344,Gm17_5661793_B,1,R,6,7,1.01382488479263,0.16739667004323,1,0.2,25,17,5661793,Gm17_5661793
PI235346,Gm17_5661793_B,2,S,6,7,1.01382488479263,0.16739667004323,1,0.2,25,17,5661793,Gm17_5661793
PI476890,Gm17_5661793_E,2,S,6,7,1.01382488479263,0.16739667004323,1,0.2,25,17,5661793,Gm17_5661793
PI476920,Gm17_5661793_E,2,S,6,7,1.01382488479263,0.16739667004323,1,0.2,25,17,5661793,Gm17_5661793
PI476922,Gm17_5661793_0,2,S,6,7,1.01382488479263,0.16739667004323,1,0.2,25,17,5661793,Gm17_5661793
PI476931,Gm17_5661793_0,2,S,6,7,1.01382488479263,0.16739667004323,1,0.2,25,17,5661793,Gm17_5661793
PI424131,Gm17_5661793_B,1,R,6,7,1.01382488479263,0.16739667004323,1,0.2,25,17,5661793,Gm17_5661793
PI264555,Gm17_5661793_C,1,R,6,7,1.01382488479263,0.16739667004323,1,0.2,25,17,5661793,Gm17_5661793
PI417345A,Gm17_5661793_D,1,R,6,7,1.01382488479263,0.16739667004323,1,0.2,25,17,5661793,Gm17_5661793
PI504481,Gm17_5661793_A,1,R,6,7,1.01382488479263,0.16739667004323,1,0.2,25,17,5661793,Gm17_5661793
PI504487,Gm17_5661793_A,1,R,6,7,1.01382488479263,0.16739667004323,1,0.2,25,17,5661793,Gm17_5661793
PI504488,Gm17_5661793_A,1,R,6,7,1.01382488479263,0.16739667004323,1,0.2,25,17,5661793,Gm17_5661793
PI504504,Gm17_5661793_A,1,R,6,7,1.01382488479263,0.16739667004323,1,0.2,25,17,5661793,Gm17_5661793
PI518287,Gm17_5661793_A,1,R,6,7,1.01382488479263,0.16739667004323,1,0.2,25,17,5661793,Gm17_5661793
PI153321,Gm17_5661793_C,2,S,6,7,1.01382488479263,0.16739667004323,1,0.2,25,17,5661793,Gm17_5661793
PI105579,Gm17_5661793_C,2,S,6,7,1.01382488479263,0.16739667004323,1,0.2,25,17,5661793,Gm17_5661793
PI189969,Gm17_5661793_C,2,S,6,7,1.01382488479263,0.16739667004323,1,0.2,25,17,5661793,Gm17_5661793
PI578486,Gm17_5661793_A,2,S,6,7,1.01382488479263,0.16739667004323,1,0.2,25,17,5661793,Gm17_5661793
PI59849,Gm17_5661793_C,2,S,6,7,1.01382488479263,0.16739667004323,1,0.2,25,17,5661793,Gm17_5661793
PI80837,Gm17_5661793_A,1,R,6,7,1.01382488479263,0.16739667004323,1,0.2,25,17,5661793,Gm17_5661793
PI417457,Gm17_5661793_A,2,S,6,7,1.01382488479263,0.16739667004323,1,0.2,25,17,5661793,Gm17_5661793
PI507016,Gm17_5661793_A,2,S,6,7,1.01382488479263,0.16739667004323,1,0.2,25,17,5661793,Gm17_5661793
PI64747,Gm17_5661793_A,2,S,6,7,1.01382488479263,0.16739667004323,1,0.2,25,17,5661793,Gm17_5661793
PI80828.1,Gm17_5661793_A,2,S,6,7,1.01382488479263,0.16739667004323,1,0.2,25,17,5661793,Gm17_5661793
PI417015,Gm17_5661793_A,1,R,6,7,1.01382488479263,0.16739667004323,1,0.2,25,17,5661793,Gm17_5661793
PI196162,Gm17_5661793_A,2,S,6,7,1.01382488479263,0.16739667004323,1,0.2,25,17,5661793,Gm17_5661793
PI227555,Gm17_5661793_A,1,R,6,7,1.01382488479263,0.16739667004323,1,0.2,25,17,5661793,Gm17_5661793
PI230973,Gm17_5661793_C,2,S,6,7,1.01382488479263,0.16739667004323,1,0.2,25,17,5661793,Gm17_5661793
PI416807,Gm17_5661793_A,1,R,6,7,1.01382488479263,0.16739667004323,1,0.2,25,17,5661793,Gm17_5661793
PI416988,Gm17_5661793_C,2,S,6,7,1.01382488479263,0.16739667004323,1,0.2,25,17,5661793,Gm17_5661793
PI417005,Gm17_5661793_C,1,R,6,7,1.01382488479263,0.16739667004323,1,0.2,25,17,5661793,Gm17_5661793
PI417071,Gm17_5661793_C,1,R,6,7,1.01382488479263,0.16739667004323,1,0.2,25,17,5661793,Gm17_5661793
PI417135A,Gm17_5661793_A,2,S,6,7,1.01382488479263,0.16739667004323,1,0.2,25,17,5661793,Gm17_5661793
PI417329,Gm17_5661793_A,1,R,6,7,1.01382488479263,0.16739667004323,1,0.2,25,17,5661793,Gm17_5661793
PI417361,Gm17_5661793_A,2,S,6,7,1.01382488479263,0.16739667004323,1,0.2,25,17,5661793,Gm17_5661793
PI417387,Gm17_5661793_A,1,R,6,7,1.01382488479263,0.16739667004323,1,0.2,25,17,5661793,Gm17_5661793
PI417423,Gm17_5661793_A,1,R,6,7,1.01382488479263,0.16739667004323,1,0.2,25,17,5661793,Gm17_5661793
PI417434,Gm17_5661793_A,2,S,6,7,1.01382488479263,0.16739667004323,1,0.2,25,17,5661793,Gm17_5661793
PI506592,Gm17_5661793_A,2,S,6,7,1.01382488479263,0.16739667004323,1,0.2,25,17,5661793,Gm17_5661793
PI506766,Gm17_5661793_A,2,S,6,7,1.01382488479263,0.16739667004323,1,0.2,25,17,5661793,Gm17_5661793
PI506769,Gm17_5661793_A,2,S,6,7,1.01382488479263,0.16739667004323,1,0.2,25,17,5661793,Gm17_5661793
PI506844,Gm17_5661793_C,2,S,6,7,1.01382488479263,0.16739667004323,1,0.2,25,17,5661793,Gm17_5661793
PI506883,Gm17_5661793_C,2,S,6,7,1.01382488479263,0.16739667004323,1,0.2,25,17,5661793,Gm17_5661793
PI507189A,Gm17_5661793_A,1,R,6,7,1.01382488479263,0.16739667004323,1,0.2,25,17,5661793,Gm17_5661793
PI507439,Gm17_5661793_C,1,R,6,7,1.01382488479263,0.16739667004323,1,0.2,25,17,5661793,Gm17_5661793
PI507530,Gm17_5661793_A,2,S,6,7,1.01382488479263,0.16739667004323,1,0.2,25,17,5661793,Gm17_5661793
PI548460,Gm17_5661793_A,2,S,6,7,1.01382488479263,0.16739667004323,1,0.2,25,17,5661793,Gm17_5661793
PI19986,Gm17_5661793_A,1,R,6,7,1.01382488479263,0.16739667004323,1,0.2,25,17,5661793,Gm17_5661793
PI548493,Gm17_5661793_C,1,R,6,7,1.01382488479263,0.16739667004323,1,0.2,25,17,5661793,Gm17_5661793
PI274421,Gm17_5661793_A,2,S,6,7,1.01382488479263,0.16739667004323,1,0.2,25,17,5661793,Gm17_5661793
PI423929,Gm17_5661793_A,2,S,6,7,1.01382488479263,0.16739667004323,1,0.2,25,17,5661793,Gm17_5661793
PI96983,Gm17_5661793_A,1,R,6,7,1.01382488479263,0.16739667004323,1,0.2,25,17,5661793,Gm17_5661793
PI603167,Gm17_5661793_A,1,R,6,7,1.01382488479263,0.16739667004323,1,0.2,25,17,5661793,Gm17_5661793
PI96118,Gm17_5661793_A,2,S,6,7,1.01382488479263,0.16739667004323,1,0.2,25,17,5661793,Gm17_5661793
PI398697,Gm17_5661793_C,1,R,6,7,1.01382488479263,0.16739667004323,1,0.2,25,17,5661793,Gm17_5661793
PI398726,Gm17_5661793_A,2,S,6,7,1.01382488479263,0.16739667004323,1,0.2,25,17,5661793,Gm17_5661793
PI398752,Gm17_5661793_A,1,R,6,7,1.01382488479263,0.16739667004323,1,0.2,25,17,5661793,Gm17_5661793
PI458111,Gm17_5661793_A,2,S,6,7,1.01382488479263,0.16739667004323,1,0.2,25,17,5661793,Gm17_5661793
PI424550,Gm17_5661793_A,2,S,6,7,1.01382488479263,0.16739667004323,1,0.2,25,17,5661793,Gm17_5661793
PI408321,Gm17_5661793_A,2,S,6,7,1.01382488479263,0.16739667004323,1,0.2,25,17,5661793,Gm17_5661793
PI87074,Gm17_5661793_A,2,S,6,7,1.01382488479263,0.16739667004323,1,0.2,25,17,5661793,Gm17_5661793
PI408026,Gm17_5661793_A,2,S,6,7,1.01382488479263,0.16739667004323,1,0.2,25,17,5661793,Gm17_5661793
PI157395,Gm17_5661793_A,2,S,6,7,1.01382488479263,0.16739667004323,1,0.2,25,17,5661793,Gm17_5661793
PI157445,Gm17_5661793_A,2,S,6,7,1.01382488479263,0.16739667004323,1,0.2,25,17,5661793,Gm17_5661793
PI82210,Gm17_5661793_A,1,R,6,7,1.01382488479263,0.16739667004323,1,0.2,25,17,5661793,Gm17_5661793
PI398293,Gm17_5661793_A,2,S,6,7,1.01382488479263,0.16739667004323,1,0.2,25,17,5661793,Gm17_5661793
PI406710,Gm17_5661793_A,1,R,6,7,1.01382488479263,0.16739667004323,1,0.2,25,17,5661793,Gm17_5661793
PI483084,Gm17_5661793_B,1,R,6,7,1.01382488479263,0.16739667004323,1,0.2,25,17,5661793,Gm17_5661793
PI85424,Gm17_5661793_A,2,S,6,7,1.01382488479263,0.16739667004323,1,0.2,25,17,5661793,Gm17_5661793
PI85658,Gm17_5661793_A,2,S,6,7,1.01382488479263,0.16739667004323,1,0.2,25,17,5661793,Gm17_5661793
PI90251,Gm17_5661793_A,1,R,6,7,1.01382488479263,0.16739667004323,1,0.2,25,17,5661793,Gm17_5661793
PI159923B,Gm17_5661793_A,1,R,6,7,1.01382488479263,0.16739667004323,1,0.2,25,17,5661793,Gm17_5661793
PI417559,Gm17_5661793_C,1,R,6,7,1.01382488479263,0.16739667004323,1,0.2,25,17,5661793,Gm17_5661793
PI92463,Gm17_5661793_B,2,S,6,7,1.01382488479263,0.16739667004323,1,0.2,25,17,5661793,Gm17_5661793
PI172902,Gm17_5661793_A,2,S,6,7,1.01382488479263,0.16739667004323,1,0.2,25,17,5661793,Gm17_5661793
PI548587,Gm17_5661793_A,2,S,6,7,1.01382488479263,0.16739667004323,1,0.2,25,17,5661793,Gm17_5661793
PI548627,Gm17_5661793_A,1,R,6,7,1.01382488479263,0.16739667004323,1,0.2,25,17,5661793,Gm17_5661793
PI92743,Gm17_5661793_A,1,R,6,7,1.01382488479263,0.16739667004323,1,0.2,25,17,5661793,Gm17_5661793
PI235339,Gm17_5661793_B,1,R,6,7,1.01382488479263,0.16739667004323,1,0.2,25,17,5661793,Gm17_5661793
PI235340,Gm17_5661793_C,1,R,6,7,1.01382488479263,0.16739667004323,1,0.2,25,17,5661793,Gm17_5661793
PI438312,Gm17_5661793_C,2,S,6,7,1.01382488479263,0.16739667004323,1,0.2,25,17,5661793,Gm17_5661793
PI438341,Gm17_5661793_C,2,S,6,7,1.01382488479263,0.16739667004323,1,0.2,25,17,5661793,Gm17_5661793
PI319532,Gm17_5661793_D,2,S,6,7,1.01382488479263,0.16739667004323,1,0.2,25,17,5661793,Gm17_5661793
PI404165,Gm17_5661793_D,1,R,6,7,1.01382488479263,0.16739667004323,1,0.2,25,17,5661793,Gm17_5661793
PI404170,Gm17_5661793_D,1,R,6,7,1.01382488479263,0.16739667004323,1,0.2,25,17,5661793,Gm17_5661793
PI417094,Gm17_5661793_D,1,R,6,7,1.01382488479263,0.16739667004323,1,0.2,25,17,5661793,Gm17_5661793
PI417243,Gm17_5661793_D,1,R,6,7,1.01382488479263,0.16739667004323,1,0.2,25,17,5661793,Gm17_5661793
PI437710,Gm17_5661793_E,1,R,6,7,1.01382488479263,0.16739667004323,1,0.2,25,17,5661793,Gm17_5661793
PI89772,Gm17_5661793_D,1,R,6,7,1.01382488479263,0.16739667004323,1,0.2,25,17,5661793,Gm17_5661793
PI548422,Gm17_5661793_D,NA,NA,6,7,1.01382488479263,0.16739667004323,1,0.2,25,17,5661793,Gm17_5661793
PI548427,Gm17_5661793_E,1,R,6,7,1.01382488479263,0.16739667004323,1,0.2,25,17,5661793,Gm17_5661793
PI567541A,Gm17_5661793_A,2,S,6,7,1.01382488479263,0.16739667004323,1,0.2,25,17,5661793,Gm17_5661793
PI153292,Gm17_5661793_C,2,S,6,7,1.01382488479263,0.16739667004323,1,0.2,25,17,5661793,Gm17_5661793
PI157435,Gm17_5661793_D,1,R,6,7,1.01382488479263,0.16739667004323,1,0.2,25,17,5661793,Gm17_5661793
PI437482,Gm17_5661793_D,1,R,6,7,1.01382488479263,0.16739667004323,1,0.2,25,17,5661793,Gm17_5661793
PI371611,Gm17_5661793_B,2,S,6,7,1.01382488479263,0.16739667004323,1,0.2,25,17,5661793,Gm17_5661793
PI518674,Gm17_5661793_B,2,S,6,7,1.01382488479263,0.16739667004323,1,0.2,25,17,5661793,Gm17_5661793
PI547519,Gm17_5661793_B,2,S,6,7,1.01382488479263,0.16739667004323,1,0.2,25,17,5661793,Gm17_5661793
PI547643,Gm17_5661793_B,1,R,6,7,1.01382488479263,0.16739667004323,1,0.2,25,17,5661793,Gm17_5661793
PI547812,Gm17_5661793_C,2,S,6,7,1.01382488479263,0.16739667004323,1,0.2,25,17,5661793,Gm17_5661793
PI547827,Gm17_5661793_B,2,S,6,7,1.01382488479263,0.16739667004323,1,0.2,25,17,5661793,Gm17_5661793
PI547840,Gm17_5661793_B,2,S,6,7,1.01382488479263,0.16739667004323,1,0.2,25,17,5661793,Gm17_5661793
PI547843,Gm17_5661793_B,2,S,6,7,1.01382488479263,0.16739667004323,1,0.2,25,17,5661793,Gm17_5661793
PI547844,Gm17_5661793_B,1,R,6,7,1.01382488479263,0.16739667004323,1,0.2,25,17,5661793,Gm17_5661793
PI547851,Gm17_5661793_B,1,R,6,7,1.01382488479263,0.16739667004323,1,0.2,25,17,5661793,Gm17_5661793
PI547884,Gm17_5661793_B,2,S,6,7,1.01382488479263,0.16739667004323,1,0.2,25,17,5661793,Gm17_5661793
PI547891,Gm17_5661793_B,2,S,6,7,1.01382488479263,0.16739667004323,1,0.2,25,17,5661793,Gm17_5661793
PI547892,Gm17_5661793_B,2,S,6,7,1.01382488479263,0.16739667004323,1,0.2,25,17,5661793,Gm17_5661793
PI548631,Gm17_5661793_B,2,S,6,7,1.01382488479263,0.16739667004323,1,0.2,25,17,5661793,Gm17_5661793
PI509044,Gm17_5661793_C,2,S,6,7,1.01382488479263,0.16739667004323,1,0.2,25,17,5661793,Gm17_5661793
PI548262,Gm17_5661793_B,2,S,6,7,1.01382488479263,0.16739667004323,1,0.2,25,17,5661793,Gm17_5661793
PI548609,Gm17_5661793_A,2,S,6,7,1.01382488479263,0.16739667004323,1,0.2,25,17,5661793,Gm17_5661793
