ID,POS,cluster,MGs,ref,alt,het,miss,phenodiff,AltAF,premeanr2,meanr2,epsilon,MGmin,chr,gwas_pos,MG_ID
Gm13_30224834,30224834,0,0,127,83,7,0,0.0931087882307395,0.398617511520737,0.132760622219271,0.141411480184872,0.8,10,13,30323488,NA
Gm13_30224846,30224846,1,0,143,67,7,0,0.0360648740930432,0.324884792626728,0.957833634146341,0.143003392006646,0.8,10,13,30323488,NA
Gm13_30225964,30225964,1,0,143,67,7,0,0.0360648740930432,0.324884792626728,0.957833634146341,0.143003392006646,0.8,10,13,30323488,NA
Gm13_30226407,30226407,1,MG7,142,69,6,0,0.010325406758448,0.331797235023041,0.98196443902439,0.984869297297297,0.8,10,13,30323488,Gm13_30323488_MG7
Gm13_30226430,30226430,1,MG7,142,69,6,0,0.010325406758448,0.331797235023041,0.98196443902439,0.984869297297297,0.8,10,13,30323488,Gm13_30323488_MG7
Gm13_30227348,30227348,1,MG7,142,69,6,0,0.010325406758448,0.331797235023041,0.98196443902439,0.984869297297297,0.8,10,13,30323488,Gm13_30323488_MG7
Gm13_30227943,30227943,1,MG7,142,69,6,0,0.010325406758448,0.331797235023041,0.98196443902439,0.984869297297297,0.8,10,13,30323488,Gm13_30323488_MG7
Gm13_30227958,30227958,1,MG7,142,69,6,0,0.010325406758448,0.331797235023041,0.98196443902439,0.984869297297297,0.8,10,13,30323488,Gm13_30323488_MG7
Gm13_30228239,30228239,2,MG11,202,14,1,0,0.278571428571429,0.0668202764976959,0.915326928571429,0.920063615384615,0.8,10,13,30323488,Gm13_30323488_MG11
Gm13_30228424,30228424,3,MG15,201,16,0,0,0.221733668341709,0.0737327188940092,0.974724837837838,0.980132657142857,0.8,10,13,30323488,Gm13_30323488_MG15
Gm13_30228576,30228576,0,0,126,83,8,0,0.0837073170731708,0.400921658986175,0.143457767562617,0.151458008372016,0.8,10,13,30323488,NA
Gm13_30228676,30228676,2,MG11,202,14,1,0,0.278571428571429,0.0668202764976959,0.915326928571429,0.920063615384615,0.8,10,13,30323488,Gm13_30323488_MG11
Gm13_30228717,30228717,1,MG7,144,67,6,0,0.0186480186480187,0.32258064516129,0.970589951219512,0.972319405405405,0.8,10,13,30323488,Gm13_30323488_MG7
Gm13_30228847,30228847,1,MG7,142,69,6,0,0.010325406758448,0.331797235023041,0.98196443902439,0.984869297297297,0.8,10,13,30323488,Gm13_30323488_MG7
Gm13_30229028,30229028,0,0,126,83,8,0,0.0837073170731708,0.400921658986175,0.143457767562617,0.151458008372016,0.8,10,13,30323488,NA
Gm13_30229086,30229086,1,MG7,144,67,6,0,0.0186480186480187,0.32258064516129,0.970589951219512,0.972319405405405,0.8,10,13,30323488,Gm13_30323488_MG7
Gm13_30229261,30229261,1,MG7,142,69,6,0,0.010325406758448,0.331797235023041,0.98196443902439,0.984869297297297,0.8,10,13,30323488,Gm13_30323488_MG7
Gm13_30229474,30229474,1,MG7,142,69,6,0,0.010325406758448,0.331797235023041,0.98196443902439,0.984869297297297,0.8,10,13,30323488,Gm13_30323488_MG7
Gm13_30229754,30229754,1,MG7,144,67,6,0,0.0186480186480187,0.32258064516129,0.970589951219512,0.972319405405405,0.8,10,13,30323488,Gm13_30323488_MG7
Gm13_30229804,30229804,1,MG7,142,69,6,0,0.010325406758448,0.331797235023041,0.98196443902439,0.984869297297297,0.8,10,13,30323488,Gm13_30323488_MG7
Gm13_30230235,30230235,1,MG7,142,69,6,0,0.010325406758448,0.331797235023041,0.98196443902439,0.984869297297297,0.8,10,13,30323488,Gm13_30323488_MG7
Gm13_30230265,30230265,1,MG7,144,67,6,0,0.0186480186480187,0.32258064516129,0.970589951219512,0.972319405405405,0.8,10,13,30323488,Gm13_30323488_MG7
Gm13_30230452,30230452,2,MG11,205,11,1,0,0.253918495297806,0.0529953917050691,0.842657214285714,0.856424230769231,0.8,10,13,30323488,Gm13_30323488_MG11
Gm13_30230847,30230847,0,0,126,83,8,0,0.0837073170731708,0.400921658986175,0.143457767562617,0.151458008372016,0.8,10,13,30323488,NA
Gm13_30230951,30230951,4,MG1,35,181,1,0,-0.179084967320261,0.836405529953917,0.9967711,1,0.8,10,13,30323488,Gm13_30323488_MG1
Gm13_30231322,30231322,1,MG7,142,69,6,0,0.010325406758448,0.331797235023041,0.98196443902439,0.984869297297297,0.8,10,13,30323488,Gm13_30323488_MG7
Gm13_30231338,30231338,3,MG15,200,17,0,0,0.230837789661319,0.0783410138248848,0.925931756756757,0.9318078,0.8,10,13,30323488,Gm13_30323488_MG15
Gm13_30231350,30231350,2,MG11,205,11,1,0,0.253918495297806,0.0529953917050691,0.842657214285714,0.856424230769231,0.8,10,13,30323488,Gm13_30323488_MG11
Gm13_30231372,30231372,0,0,179,37,1,0,0.131710362047441,0.172811059907834,0.120612506352804,0.123008191191358,0.8,10,13,30323488,NA
Gm13_30231377,30231377,0,0,201,12,4,0,0.175041876046901,0.0645161290322581,0.0592725298738318,0.0562307127283951,0.8,10,13,30323488,NA
Gm13_30231392,30231392,1,MG7,142,69,6,0,0.010325406758448,0.331797235023041,0.98196443902439,0.984869297297297,0.8,10,13,30323488,Gm13_30323488_MG7
Gm13_30231521,30231521,0,0,126,84,7,0,0.0748915662650604,0.403225806451613,0.143201354937383,0.15117204383786,0.8,10,13,30323488,NA
Gm13_30231551,30231551,0,0,108,102,7,0,0.144998612010734,0.486175115207373,0.14512271364869,0.153917928114072,0.8,10,13,30323488,NA
Gm13_30231644,30231644,0,0,126,84,7,0,0.0748915662650604,0.403225806451613,0.143201354937383,0.15117204383786,0.8,10,13,30323488,NA
Gm13_30231673,30231673,4,MG1,35,181,1,0,-0.179084967320261,0.836405529953917,0.9967711,1,0.8,10,13,30323488,Gm13_30323488_MG1
Gm13_30231794,30231794,2,MG11,202,14,1,0,0.278571428571429,0.0668202764976959,0.915326928571429,0.920063615384615,0.8,10,13,30323488,Gm13_30323488_MG11
Gm13_30231796,30231796,5,MG16,188,29,0,0,-0.335743418613274,0.133640552995392,0.986782565217391,0.993556545454545,0.8,10,13,30323488,Gm13_30323488_MG16
Gm13_30231829,30231829,1,MG7,142,69,6,0,0.010325406758448,0.331797235023041,0.98196443902439,0.984869297297297,0.8,10,13,30323488,Gm13_30323488_MG7
Gm13_30231859,30231859,1,MG7,142,69,6,0,0.010325406758448,0.331797235023041,0.98196443902439,0.984869297297297,0.8,10,13,30323488,Gm13_30323488_MG7
Gm13_30231951,30231951,3,MG15,200,16,1,0,0.223484848484848,0.076036866359447,0.95936,0.964757257142857,0.8,10,13,30323488,Gm13_30323488_MG15
Gm13_30232048,30232048,1,MG7,142,69,6,0,0.010325406758448,0.331797235023041,0.98196443902439,0.984869297297297,0.8,10,13,30323488,Gm13_30323488_MG7
Gm13_30232094,30232094,2,MG11,202,14,1,0,0.278571428571429,0.0668202764976959,0.915326928571429,0.920063615384615,0.8,10,13,30323488,Gm13_30323488_MG11
Gm13_30232686,30232686,3,MG15,201,16,0,0,0.221733668341709,0.0737327188940092,0.974724837837838,0.980132657142857,0.8,10,13,30323488,Gm13_30323488_MG15
Gm13_30232745,30232745,1,MG7,142,69,6,0,0.010325406758448,0.331797235023041,0.98196443902439,0.984869297297297,0.8,10,13,30323488,Gm13_30323488_MG7
Gm13_30232852,30232852,1,MG7,142,69,6,0,0.010325406758448,0.331797235023041,0.98196443902439,0.984869297297297,0.8,10,13,30323488,Gm13_30323488_MG7
Gm13_30232872,30232872,2,MG11,204,12,1,0,0.263201320132013,0.0576036866359447,0.870621357142857,0.881713538461538,0.8,10,13,30323488,Gm13_30323488_MG11
Gm13_30232876,30232876,1,MG7,144,67,6,0,0.0186480186480187,0.32258064516129,0.970589951219512,0.972319405405405,0.8,10,13,30323488,Gm13_30323488_MG7
Gm13_30232949,30232949,1,MG7,144,67,6,0,0.0186480186480187,0.32258064516129,0.970589951219512,0.972319405405405,0.8,10,13,30323488,Gm13_30323488_MG7
Gm13_30232958,30232958,1,MG7,144,67,6,0,0.0186480186480187,0.32258064516129,0.970589951219512,0.972319405405405,0.8,10,13,30323488,Gm13_30323488_MG7
Gm13_30233042,30233042,2,MG11,202,14,1,0,0.278571428571429,0.0668202764976959,0.915326928571429,0.920063615384615,0.8,10,13,30323488,Gm13_30323488_MG11
Gm13_30233133,30233133,1,MG7,142,69,6,0,0.010325406758448,0.331797235023041,0.98196443902439,0.984869297297297,0.8,10,13,30323488,Gm13_30323488_MG7
Gm13_30233134,30233134,3,0,199,18,0,0,0.239142695995488,0.0829493087557604,0.869803945945946,0.0873996692304527,0.8,10,13,30323488,NA
Gm13_30233196,30233196,0,0,67,149,1,0,0.118550368550369,0.688940092165899,0.189286728153224,0.193769289813951,0.8,10,13,30323488,NA
Gm13_30233202,30233202,1,MG7,144,67,6,0,0.0186480186480187,0.32258064516129,0.970589951219512,0.972319405405405,0.8,10,13,30323488,Gm13_30323488_MG7
Gm13_30233244,30233244,3,MG15,200,17,0,0,0.230837789661319,0.0783410138248848,0.916005027027027,0.921313828571429,0.8,10,13,30323488,Gm13_30323488_MG15
Gm13_30233279,30233279,1,MG7,142,69,6,0,0.010325406758448,0.331797235023041,0.98196443902439,0.984869297297297,0.8,10,13,30323488,Gm13_30323488_MG7
Gm13_30233296,30233296,1,MG7,142,69,6,0,0.010325406758448,0.331797235023041,0.98196443902439,0.984869297297297,0.8,10,13,30323488,Gm13_30323488_MG7
Gm13_30233300,30233300,1,MG7,142,69,6,0,0.010325406758448,0.331797235023041,0.98196443902439,0.984869297297297,0.8,10,13,30323488,Gm13_30323488_MG7
Gm13_30233309,30233309,1,MG7,142,69,6,0,0.010325406758448,0.331797235023041,0.98196443902439,0.984869297297297,0.8,10,13,30323488,Gm13_30323488_MG7
Gm13_30233343,30233343,2,MG11,202,14,1,0,0.278571428571429,0.0668202764976959,0.915326928571429,0.920063615384615,0.8,10,13,30323488,Gm13_30323488_MG11
Gm13_30233348,30233348,2,MG11,205,11,1,0,0.253918495297806,0.0529953917050691,0.842657214285714,0.856424230769231,0.8,10,13,30323488,Gm13_30323488_MG11
Gm13_30233459,30233459,0,0,128,85,4,0,0.0409636295463067,0.400921658986175,0.124256436857477,0.130090470236626,0.8,10,13,30323488,NA
Gm13_30233688,30233688,0,0,201,12,4,0,0.175041876046901,0.0645161290322581,0.0592725298738318,0.0562307127283951,0.8,10,13,30323488,NA
Gm13_30233723,30233723,0,0,206,11,0,0,0.348039215686275,0.0506912442396313,0.021907021788785,0.0225281159374486,0.8,10,13,30323488,NA
Gm13_30233728,30233728,2,MG11,202,14,1,0,0.278571428571429,0.0668202764976959,0.915326928571429,0.920063615384615,0.8,10,13,30323488,Gm13_30323488_MG11
Gm13_30233784,30233784,3,MG15,201,16,0,0,0.221733668341709,0.0737327188940092,0.974724837837838,0.980132657142857,0.8,10,13,30323488,Gm13_30323488_MG15
Gm13_30233903,30233903,0,0,68,147,2,0,0.10846452668166,0.682027649769585,0.186627345491495,0.191306265988395,0.8,10,13,30323488,NA
Gm13_30233938,30233938,0,0,126,84,7,0,0.0748915662650604,0.403225806451613,0.143201354937383,0.15117204383786,0.8,10,13,30323488,NA
Gm13_30234122,30234122,1,MG7,144,67,6,0,0.0186480186480187,0.32258064516129,0.970589951219512,0.972319405405405,0.8,10,13,30323488,Gm13_30323488_MG7
Gm13_30234180,30234180,4,MG1,35,181,1,0,-0.179084967320261,0.836405529953917,0.9967711,1,0.8,10,13,30323488,Gm13_30323488_MG1
Gm13_30234317,30234317,1,MG7,144,67,6,0,0.0186480186480187,0.32258064516129,0.970589951219512,0.972319405405405,0.8,10,13,30323488,Gm13_30323488_MG7
Gm13_30234360,30234360,5,MG16,188,29,0,0,-0.335743418613274,0.133640552995392,0.986782565217391,0.993556545454545,0.8,10,13,30323488,Gm13_30323488_MG16
Gm13_30234569,30234569,3,0,199,18,0,0,0.239142695995488,0.0829493087557604,0.869803945945946,0.0873996692304527,0.8,10,13,30323488,NA
Gm13_30234570,30234570,2,MG11,202,14,1,0,0.278571428571429,0.0668202764976959,0.915326928571429,0.920063615384615,0.8,10,13,30323488,Gm13_30323488_MG11
Gm13_30234780,30234780,0,0,126,84,7,0,0.0748915662650604,0.403225806451613,0.143201354937383,0.15117204383786,0.8,10,13,30323488,NA
Gm13_30234801,30234801,1,MG7,142,69,6,0,0.010325406758448,0.331797235023041,0.98196443902439,0.984869297297297,0.8,10,13,30323488,Gm13_30323488_MG7
Gm13_30234900,30234900,2,MG11,205,11,1,0,0.253918495297806,0.0529953917050691,0.842657214285714,0.856424230769231,0.8,10,13,30323488,Gm13_30323488_MG11
Gm13_30234951,30234951,3,MG15,201,16,0,0,0.221733668341709,0.0737327188940092,0.974724837837838,0.980132657142857,0.8,10,13,30323488,Gm13_30323488_MG15
Gm13_30235004,30235004,1,MG7,142,69,6,0,0.010325406758448,0.331797235023041,0.98196443902439,0.984869297297297,0.8,10,13,30323488,Gm13_30323488_MG7
Gm13_30235131,30235131,1,MG7,144,67,6,0,0.0186480186480187,0.32258064516129,0.970589951219512,0.972319405405405,0.8,10,13,30323488,Gm13_30323488_MG7
Gm13_30235466,30235466,2,0,199,16,2,0,0.220177664974619,0.0783410138248848,0.800797642857143,0.0469756351563786,0.8,10,13,30323488,NA
Gm13_30235882,30235882,1,MG7,143,67,7,0,0.0138711054204013,0.324884792626728,0.966730317073171,0.967462243243243,0.8,10,13,30323488,Gm13_30323488_MG7
Gm13_30235902,30235902,1,MG7,143,67,7,0,0.0138711054204013,0.324884792626728,0.966730317073171,0.967462243243243,0.8,10,13,30323488,Gm13_30323488_MG7
Gm13_30236334,30236334,3,MG15,201,16,0,0,0.221733668341709,0.0737327188940092,0.974724837837838,0.980132657142857,0.8,10,13,30323488,Gm13_30323488_MG15
Gm13_30236417,30236417,4,0,36,180,1,0,-0.186113328012769,0.831797235023041,0.9709399,0.164549598148148,0.8,10,13,30323488,NA
Gm13_30236478,30236478,0,0,129,84,4,0,-0.163874246987952,0.3963133640553,0.148423300344907,0.154126441867531,0.8,10,13,30323488,NA
Gm13_30236507,30236507,0,0,129,84,4,0,-0.163874246987952,0.3963133640553,0.148423300344907,0.154126441867531,0.8,10,13,30323488,NA
Gm13_30236577,30236577,0,0,129,84,4,0,-0.163874246987952,0.3963133640553,0.148423300344907,0.154126441867531,0.8,10,13,30323488,NA
Gm13_30236702,30236702,0,0,129,84,4,0,-0.163874246987952,0.3963133640553,0.148423300344907,0.154126441867531,0.8,10,13,30323488,NA
Gm13_30236708,30236708,0,0,129,84,4,0,-0.163874246987952,0.3963133640553,0.148423300344907,0.154126441867531,0.8,10,13,30323488,NA
Gm13_30236747,30236747,0,0,129,84,4,0,-0.163874246987952,0.3963133640553,0.148423300344907,0.154126441867531,0.8,10,13,30323488,NA
Gm13_30236789,30236789,0,0,129,84,4,0,-0.163874246987952,0.3963133640553,0.148423300344907,0.154126441867531,0.8,10,13,30323488,NA
Gm13_30236822,30236822,0,0,129,84,4,0,-0.163874246987952,0.3963133640553,0.148423300344907,0.154126441867531,0.8,10,13,30323488,NA
Gm13_30237034,30237034,0,0,129,84,4,0,-0.163874246987952,0.3963133640553,0.148423300344907,0.154126441867531,0.8,10,13,30323488,NA
Gm13_30237101,30237101,6,MG3,101,115,1,0,-0.0696491228070175,0.532258064516129,0.979733214285714,0.986555153846154,0.8,10,13,30323488,Gm13_30323488_MG3
Gm13_30237226,30237226,0,0,186,28,3,0,0.210403726708075,0.135944700460829,0.0673406961480234,0.0662565254184239,0.8,10,13,30323488,NA
Gm13_30237609,30237609,7,MG4,116,95,6,0,-0.104717853839038,0.451612903225806,0.9905537,1,0.8,10,13,30323488,Gm13_30323488_MG4
Gm13_30239851,30239851,7,MG4,116,95,6,0,-0.104717853839038,0.451612903225806,0.9905537,1,0.8,10,13,30323488,Gm13_30323488_MG4
Gm13_30239877,30239877,0,0,198,19,0,0,0.246777658431794,0.0875576036866359,0.084183353182243,0.0907401267942387,0.8,10,13,30323488,NA
Gm13_30239909,30239909,7,MG4,116,95,6,0,-0.104717853839038,0.451612903225806,0.9905537,1,0.8,10,13,30323488,Gm13_30323488_MG4
Gm13_30240133,30240133,7,MG4,116,95,6,0,-0.104717853839038,0.451612903225806,0.9905537,1,0.8,10,13,30323488,Gm13_30323488_MG4
Gm13_30240146,30240146,7,MG4,116,95,6,0,-0.104717853839038,0.451612903225806,0.9905537,1,0.8,10,13,30323488,Gm13_30323488_MG4
Gm13_30240258,30240258,7,MG4,116,95,6,0,-0.104717853839038,0.451612903225806,0.9905537,1,0.8,10,13,30323488,Gm13_30323488_MG4
Gm13_30240332,30240332,0,0,201,12,4,0,0.175041876046901,0.0645161290322581,0.0592725298738318,0.0562307127283951,0.8,10,13,30323488,NA
Gm13_30240375,30240375,4,MG1,35,181,1,0,-0.179084967320261,0.836405529953917,0.9967711,1,0.8,10,13,30323488,Gm13_30323488_MG1
Gm13_30240596,30240596,0,0,197,15,5,0,0.138461538461538,0.0806451612903226,0.0547525518033178,0.0510176173000412,0.8,10,13,30323488,NA
Gm13_30240646,30240646,6,MG3,101,115,1,0,-0.0696491228070175,0.532258064516129,0.979733214285714,0.986555153846154,0.8,10,13,30323488,Gm13_30323488_MG3
Gm13_30240658,30240658,7,MG4,116,95,6,0,-0.104717853839038,0.451612903225806,0.9905537,1,0.8,10,13,30323488,Gm13_30323488_MG4
Gm13_30240686,30240686,6,MG3,101,115,1,0,-0.0696491228070175,0.532258064516129,0.979733214285714,0.986555153846154,0.8,10,13,30323488,Gm13_30323488_MG3
Gm13_30240888,30240888,4,0,36,180,1,0,-0.186113328012769,0.831797235023041,0.9709399,0.164549598148148,0.8,10,13,30323488,NA
Gm13_30240892,30240892,7,MG4,116,95,6,0,-0.104717853839038,0.451612903225806,0.9905537,1,0.8,10,13,30323488,Gm13_30323488_MG4
Gm13_30241005,30241005,0,0,197,15,5,0,0.138461538461538,0.0806451612903226,0.0547525518033178,0.0510176173000412,0.8,10,13,30323488,NA
Gm13_30241095,30241095,6,MG3,101,115,1,0,-0.0696491228070175,0.532258064516129,0.979733214285714,0.986555153846154,0.8,10,13,30323488,Gm13_30323488_MG3
Gm13_30241350,30241350,6,MG3,101,115,1,0,-0.0696491228070175,0.532258064516129,0.979733214285714,0.986555153846154,0.8,10,13,30323488,Gm13_30323488_MG3
Gm13_30241395,30241395,6,MG3,101,115,1,0,-0.0696491228070175,0.532258064516129,0.979733214285714,0.986555153846154,0.8,10,13,30323488,Gm13_30323488_MG3
Gm13_30241463,30241463,6,MG3,101,115,1,0,-0.0696491228070175,0.532258064516129,0.979733214285714,0.986555153846154,0.8,10,13,30323488,Gm13_30323488_MG3
Gm13_30241470,30241470,6,MG3,101,115,1,0,-0.0696491228070175,0.532258064516129,0.979733214285714,0.986555153846154,0.8,10,13,30323488,Gm13_30323488_MG3
Gm13_30241545,30241545,6,MG3,101,115,1,0,-0.0696491228070175,0.532258064516129,0.979733214285714,0.986555153846154,0.8,10,13,30323488,Gm13_30323488_MG3
Gm13_30241687,30241687,7,MG4,116,95,6,0,-0.104717853839038,0.451612903225806,0.9905537,1,0.8,10,13,30323488,Gm13_30323488_MG4
Gm13_30241779,30241779,6,MG3,101,115,1,0,-0.0696491228070175,0.532258064516129,0.979733214285714,0.986555153846154,0.8,10,13,30323488,Gm13_30323488_MG3
Gm13_30241919,30241919,6,MG3,104,111,2,0,-0.0723742277140333,0.516129032258065,0.9545235,0.955183846153846,0.8,10,13,30323488,Gm13_30323488_MG3
Gm13_30241922,30241922,6,MG3,104,111,2,0,-0.0723742277140333,0.516129032258065,0.9545235,0.955183846153846,0.8,10,13,30323488,Gm13_30323488_MG3
Gm13_30241929,30241929,6,MG3,104,111,2,0,-0.0723742277140333,0.516129032258065,0.9545235,0.955183846153846,0.8,10,13,30323488,Gm13_30323488_MG3
Gm13_30241950,30241950,1,0,143,68,6,0,0.00346857262980871,0.327188940092166,0.952551804878049,0.145203969317695,0.8,10,13,30323488,NA
Gm13_30242011,30242011,6,0,107,108,2,0,-0.0720331511197319,0.502304147465438,0.910592642857143,0.15969946398642,0.8,10,13,30323488,NA
Gm13_30242089,30242089,3,MG15,201,16,0,0,0.221733668341709,0.0737327188940092,0.974724837837838,0.980132657142857,0.8,10,13,30323488,Gm13_30323488_MG15
Gm13_30242196,30242196,1,0,143,68,6,0,0.00346857262980871,0.327188940092166,0.952551804878049,0.145203969317695,0.8,10,13,30323488,NA
Gm13_30242197,30242197,7,0,111,101,5,0,-0.0981818181818181,0.476958525345622,0.9149833,0.165742037856667,0.8,10,13,30323488,NA
Gm13_30242484,30242484,0,0,127,84,6,0,-0.139797284375598,0.400921658986175,0.138094644126028,0.14257459923856,0.8,10,13,30323488,NA
Gm13_30242562,30242562,0,0,141,68,8,0,0.00799573560767586,0.331797235023041,0.12512971671014,0.132049094106461,0.8,10,13,30323488,NA
Gm13_30242575,30242575,0,0,141,68,8,0,0.00799573560767586,0.331797235023041,0.12512971671014,0.132049094106461,0.8,10,13,30323488,NA
Gm13_30242590,30242590,0,0,141,68,8,0,0.00799573560767586,0.331797235023041,0.12512971671014,0.132049094106461,0.8,10,13,30323488,NA
Gm13_30243409,30243409,0,0,141,68,8,0,0.00799573560767586,0.331797235023041,0.12512971671014,0.132049094106461,0.8,10,13,30323488,NA
Gm13_30243446,30243446,0,0,177,37,3,0,0.169191919191919,0.17741935483871,0.104423800668224,0.112555732481481,0.8,10,13,30323488,NA
Gm13_30243463,30243463,3,MG15,201,16,0,0,0.221733668341709,0.0737327188940092,0.974724837837838,0.980132657142857,0.8,10,13,30323488,Gm13_30323488_MG15
Gm13_30243731,30243731,3,MG15,200,17,0,0,0.230837789661319,0.0783410138248848,0.916005027027027,0.921313828571429,0.8,10,13,30323488,Gm13_30323488_MG15
Gm13_30243747,30243747,0,0,108,106,3,0,-0.0251001335113483,0.495391705069124,0.122582755096355,0.132554971892263,0.8,10,13,30323488,NA
Gm13_30244342,30244342,3,MG15,201,16,0,0,0.221733668341709,0.0737327188940092,0.974724837837838,0.980132657142857,0.8,10,13,30323488,Gm13_30323488_MG15
Gm13_30244538,30244538,5,MG16,188,29,0,0,-0.335743418613274,0.133640552995392,0.986782565217391,0.993556545454545,0.8,10,13,30323488,Gm13_30323488_MG16
Gm13_30246055,30246055,4,MG1,35,181,1,0,-0.179084967320261,0.836405529953917,0.9967711,1,0.8,10,13,30323488,Gm13_30323488_MG1
Gm13_30246076,30246076,0,0,40,175,2,0,-0.145446507515473,0.811059907834101,0.139026009268738,0.140463679109095,0.8,10,13,30323488,NA
Gm13_30246651,30246651,4,MG1,35,181,1,0,-0.179084967320261,0.836405529953917,0.9967711,1,0.8,10,13,30323488,Gm13_30323488_MG1
Gm13_30246678,30246678,3,MG15,200,17,0,0,0.230837789661319,0.0783410138248848,0.925931756756757,0.9318078,0.8,10,13,30323488,Gm13_30323488_MG15
Gm13_30246769,30246769,3,MG15,201,16,0,0,0.221733668341709,0.0737327188940092,0.974724837837838,0.980132657142857,0.8,10,13,30323488,Gm13_30323488_MG15
Gm13_30246830,30246830,0,0,197,17,3,0,0.295022624434389,0.0852534562211982,0.0719661340630841,0.0688317027018518,0.8,10,13,30323488,NA
Gm13_30247550,30247550,0,0,197,17,3,0,0.295022624434389,0.0852534562211982,0.0719661340630841,0.0688317027018518,0.8,10,13,30323488,NA
Gm13_30248165,30248165,0,0,57,157,3,0,-0.206043956043956,0.730414746543779,0.112675626996262,0.112297832996708,0.8,10,13,30323488,NA
Gm13_30248200,30248200,8,0,189,27,1,0,0.114975450081833,0.126728110599078,0.857083857142857,0.117192758430041,0.8,10,13,30323488,NA
Gm13_30248841,30248841,5,MG16,188,29,0,0,-0.335743418613274,0.133640552995392,0.986782565217391,0.993556545454545,0.8,10,13,30323488,Gm13_30323488_MG16
Gm13_30248959,30248959,0,0,161,52,4,0,0.261611030478955,0.248847926267281,0.0702452703275701,0.0696450872020576,0.8,10,13,30323488,NA
Gm13_30249040,30249040,0,0,161,52,4,0,0.261611030478955,0.248847926267281,0.0702452703275701,0.0696450872020576,0.8,10,13,30323488,NA
Gm13_30249589,30249589,4,MG1,35,181,1,0,-0.179084967320261,0.836405529953917,0.9967711,1,0.8,10,13,30323488,Gm13_30323488_MG1
Gm13_30249596,30249596,0,0,185,31,1,0,0.114492753623188,0.145161290322581,0.103081668986449,0.108881865296708,0.8,10,13,30323488,NA
Gm13_30249613,30249613,4,MG1,35,181,1,0,-0.179084967320261,0.836405529953917,0.9967711,1,0.8,10,13,30323488,Gm13_30323488_MG1
Gm13_30249914,30249914,0,0,70,144,3,0,-0.274652883348536,0.670506912442396,0.103162404580374,0.102384330437037,0.8,10,13,30323488,NA
Gm13_30250077,30250077,9,MG12,172,45,0,0,-0.144444444444444,0.207373271889401,0.99142775,1,0.8,10,13,30323488,Gm13_30323488_MG12
Gm13_30250613,30250613,8,MG17,188,28,1,0,0.0829867300455536,0.131336405529954,0.920819857142857,0.929801615384615,0.8,10,13,30323488,Gm13_30323488_MG17
Gm13_30250641,30250641,9,MG12,172,45,0,0,-0.144444444444444,0.207373271889401,0.99142775,1,0.8,10,13,30323488,Gm13_30323488_MG12
Gm13_30250772,30250772,4,MG1,35,181,1,0,-0.179084967320261,0.836405529953917,0.9967711,1,0.8,10,13,30323488,Gm13_30323488_MG1
Gm13_30250774,30250774,0,0,171,44,2,0,-0.416487358795051,0.207373271889401,0.0927329390915888,0.0906795795703704,0.8,10,13,30323488,NA
Gm13_30250824,30250824,9,MG12,172,45,0,0,-0.144444444444444,0.207373271889401,0.99142775,1,0.8,10,13,30323488,Gm13_30323488_MG12
Gm13_30250860,30250860,0,0,62,153,2,0,-0.201251078515962,0.709677419354839,0.109673286563084,0.110287944010288,0.8,10,13,30323488,NA
Gm13_30251258,30251258,0,0,82,133,2,0,-0.271324354657688,0.617511520737327,0.093224678949514,0.0902831886847572,0.8,10,13,30323488,NA
Gm13_30251521,30251521,0,0,169,46,2,0,-0.384925800572767,0.216589861751152,0.0910637614695327,0.0892670870554732,0.8,10,13,30323488,NA
Gm13_30251892,30251892,4,MG1,35,181,1,0,-0.179084967320261,0.836405529953917,0.9967711,1,0.8,10,13,30323488,Gm13_30323488_MG1
Gm13_30252259,30252259,0,0,139,77,1,0,-0.0364225781845919,0.357142857142857,0.131569205116262,0.130717108532016,0.8,10,13,30323488,NA
Gm13_30253161,30253161,0,0,131,85,1,0,-0.00256410256410255,0.394009216589862,0.124639637535981,0.124781415690123,0.8,10,13,30323488,NA
Gm13_30253182,30253182,3,MG15,201,16,0,0,0.221733668341709,0.0737327188940092,0.974724837837838,0.980132657142857,0.8,10,13,30323488,Gm13_30323488_MG15
Gm13_30253530,30253530,0,0,71,145,1,0,-0.252579365079365,0.670506912442396,0.0983336849640561,0.096313264700856,0.8,10,13,30323488,NA
Gm13_30254914,30254914,0,0,102,114,1,0,0.102952773153421,0.527649769585253,0.122028824082243,0.12348085395451,0.8,10,13,30323488,NA
Gm13_30255046,30255046,8,MG17,188,28,1,0,0.0829867300455536,0.131336405529954,0.920819857142857,0.929801615384615,0.8,10,13,30323488,Gm13_30323488_MG17
Gm13_30255155,30255155,0,0,139,77,1,0,-0.0364225781845919,0.357142857142857,0.131569205116262,0.130717108532016,0.8,10,13,30323488,NA
Gm13_30255479,30255479,0,0,139,77,1,0,-0.0364225781845919,0.357142857142857,0.131569205116262,0.130717108532016,0.8,10,13,30323488,NA
Gm13_30255520,30255520,0,0,102,114,1,0,0.102952773153421,0.527649769585253,0.122028824082243,0.12348085395451,0.8,10,13,30323488,NA
Gm13_30256140,30256140,10,MG8,180,37,0,0,0.235651381718798,0.170506912442396,0.988878692307692,0.9919985,0.8,10,13,30323488,Gm13_30323488_MG8
Gm13_30256270,30256270,9,MG12,172,45,0,0,-0.144444444444444,0.207373271889401,0.99142775,1,0.8,10,13,30323488,Gm13_30323488_MG12
Gm13_30256309,30256309,9,MG12,172,45,0,0,-0.144444444444444,0.207373271889401,0.99142775,1,0.8,10,13,30323488,Gm13_30323488_MG12
Gm13_30256517,30256517,0,0,188,29,0,0,0.222284019280682,0.133640552995392,0.0793864379388318,0.0765293694085185,0.8,10,13,30323488,NA
Gm13_30256811,30256811,10,MG8,180,37,0,0,0.235651381718798,0.170506912442396,0.988878692307692,0.9919985,0.8,10,13,30323488,Gm13_30323488_MG8
Gm13_30257118,30257118,10,MG8,180,37,0,0,0.235651381718798,0.170506912442396,0.988878692307692,0.9919985,0.8,10,13,30323488,Gm13_30323488_MG8
Gm13_30257162,30257162,0,0,48,166,3,0,-0.205544809800129,0.771889400921659,0.135239367447664,0.13463627404856,0.8,10,13,30323488,NA
Gm13_30257191,30257191,0,0,102,114,1,0,0.102952773153421,0.527649769585253,0.122028824082243,0.12348085395451,0.8,10,13,30323488,NA
Gm13_30257219,30257219,0,0,190,27,0,0,0.208234830575256,0.124423963133641,0.0741857993711215,0.0716723532445268,0.8,10,13,30323488,NA
Gm13_30257648,30257648,9,MG12,172,45,0,0,-0.144444444444444,0.207373271889401,0.99142775,1,0.8,10,13,30323488,Gm13_30323488_MG12
Gm13_30257663,30257663,9,MG12,172,45,0,0,-0.144444444444444,0.207373271889401,0.99142775,1,0.8,10,13,30323488,Gm13_30323488_MG12
Gm13_30257703,30257703,0,0,102,114,1,0,0.102952773153421,0.527649769585253,0.122028824082243,0.12348085395451,0.8,10,13,30323488,NA
Gm13_30257989,30257989,0,0,190,26,1,0,0.19721767594108,0.122119815668203,0.0474967981728972,0.0468793459967078,0.8,10,13,30323488,NA
Gm13_30258015,30258015,8,MG17,188,28,1,0,0.0829867300455536,0.131336405529954,0.920819857142857,0.929801615384615,0.8,10,13,30323488,Gm13_30323488_MG17
Gm13_30258224,30258224,8,MG17,190,26,1,0,0.103915343915344,0.122119815668203,0.953825071428571,0.959785615384615,0.8,10,13,30323488,Gm13_30323488_MG17
Gm13_30258297,30258297,10,MG8,180,37,0,0,0.235651381718798,0.170506912442396,0.988878692307692,0.9919985,0.8,10,13,30323488,Gm13_30323488_MG8
Gm13_30258365,30258365,10,MG8,180,37,0,0,0.235651381718798,0.170506912442396,0.988878692307692,0.9919985,0.8,10,13,30323488,Gm13_30323488_MG8
Gm13_30258416,30258416,9,MG12,172,45,0,0,-0.144444444444444,0.207373271889401,0.99142775,1,0.8,10,13,30323488,Gm13_30323488_MG12
Gm13_30258568,30258568,0,0,139,77,1,0,-0.0364225781845919,0.357142857142857,0.131569205116262,0.130717108532016,0.8,10,13,30323488,NA
Gm13_30258629,30258629,0,0,139,77,1,0,-0.0364225781845919,0.357142857142857,0.131569205116262,0.130717108532016,0.8,10,13,30323488,NA
Gm13_30258713,30258713,9,0,168,49,0,0,-0.100934349643472,0.225806451612903,0.90570525,0.114819241677119,0.8,10,13,30323488,NA
Gm13_30258787,30258787,10,MG8,180,37,0,0,0.235651381718798,0.170506912442396,0.988878692307692,0.9919985,0.8,10,13,30323488,Gm13_30323488_MG8
Gm13_30258813,30258813,0,0,128,88,1,0,0.036111865327179,0.407834101382488,0.119821918261668,0.12084599085184,0.8,10,13,30323488,NA
Gm13_30258892,30258892,0,0,48,166,3,0,-0.205544809800129,0.771889400921659,0.135239367447664,0.13463627404856,0.8,10,13,30323488,NA
Gm13_30259112,30259112,8,MG17,188,28,1,0,0.0829867300455536,0.131336405529954,0.920819857142857,0.929801615384615,0.8,10,13,30323488,Gm13_30323488_MG17
Gm13_30259263,30259263,0,0,192,25,0,0,0.192631578947368,0.115207373271889,0.0699992008093458,0.0679033952683128,0.8,10,13,30323488,NA
Gm13_30259334,30259334,0,0,48,167,2,0,-0.203281209946168,0.774193548387097,0.135322236716822,0.134918255051029,0.8,10,13,30323488,NA
Gm13_30259405,30259405,4,MG1,35,181,1,0,-0.179084967320261,0.836405529953917,0.9967711,1,0.8,10,13,30323488,Gm13_30323488_MG1
Gm13_30261450,30261450,9,MG12,172,45,0,0,-0.144444444444444,0.207373271889401,0.99142775,1,0.8,10,13,30323488,Gm13_30323488_MG12
Gm13_30261542,30261542,0,0,102,114,1,0,0.102952773153421,0.527649769585253,0.122028824082243,0.12348085395451,0.8,10,13,30323488,NA
Gm13_30261711,30261711,10,MG8,180,35,2,0,0.256500802568218,0.165898617511521,0.990082615384615,0.9919985,0.8,10,13,30323488,Gm13_30323488_MG8
Gm13_30261742,30261742,10,0,179,36,2,0,0.261770244821092,0.170506912442396,0.962399846153846,0.070737215379177,0.8,10,13,30323488,NA
Gm13_30261917,30261917,10,MG8,180,35,2,0,0.256500802568218,0.165898617511521,0.990082615384615,0.9919985,0.8,10,13,30323488,Gm13_30323488_MG8
Gm13_30261970,30261970,10,MG8,180,35,2,0,0.256500802568218,0.165898617511521,0.990082615384615,0.9919985,0.8,10,13,30323488,Gm13_30323488_MG8
Gm13_30262118,30262118,10,MG8,180,35,2,0,0.256500802568218,0.165898617511521,0.990082615384615,0.9919985,0.8,10,13,30323488,Gm13_30323488_MG8
Gm13_30262304,30262304,0,0,205,12,0,0,0.261494252873563,0.0552995391705069,0.0319697742252336,0.0312667621654321,0.8,10,13,30323488,NA
Gm13_30262310,30262310,9,MG12,172,45,0,0,-0.144444444444444,0.207373271889401,0.99142775,1,0.8,10,13,30323488,Gm13_30323488_MG12
Gm13_30262361,30262361,0,0,48,166,3,0,-0.205544809800129,0.771889400921659,0.135239367447664,0.13463627404856,0.8,10,13,30323488,NA
Gm13_30262534,30262534,10,MG8,180,35,2,0,0.256500802568218,0.165898617511521,0.990082615384615,0.9919985,0.8,10,13,30323488,Gm13_30323488_MG8
Gm13_30262860,30262860,10,MG8,180,35,2,0,0.256500802568218,0.165898617511521,0.990082615384615,0.9919985,0.8,10,13,30323488,Gm13_30323488_MG8
Gm13_30262988,30262988,9,MG12,172,45,0,0,-0.144444444444444,0.207373271889401,0.99142775,1,0.8,10,13,30323488,Gm13_30323488_MG12
Gm13_30263866,30263866,3,MG15,201,16,0,0,0.221733668341709,0.0737327188940092,0.974724837837838,0.980132657142857,0.8,10,13,30323488,Gm13_30323488_MG15
Gm13_30265293,30265293,3,MG15,201,16,0,0,0.221733668341709,0.0737327188940092,0.974724837837838,0.980132657142857,0.8,10,13,30323488,Gm13_30323488_MG15
Gm13_30266304,30266304,4,MG1,35,181,1,0,-0.179084967320261,0.836405529953917,0.9967711,1,0.8,10,13,30323488,Gm13_30323488_MG1
Gm13_30266335,30266335,3,MG15,202,15,0,0,0.211666666666667,0.0691244239631336,0.923328216216216,0.929174514285714,0.8,10,13,30323488,Gm13_30323488_MG15
Gm13_30266470,30266470,0,0,136,79,2,0,-0.0276353276353278,0.368663594470046,0.110341464405766,0.107071883186971,0.8,10,13,30323488,NA
Gm13_30266502,30266502,0,0,149,67,1,0,-0.0898853398853401,0.311059907834101,0.121947590789065,0.119739714579671,0.8,10,13,30323488,NA
Gm13_30266737,30266737,0,0,42,173,2,0,-0.0991208167895632,0.80184331797235,0.145626334864486,0.146385444366255,0.8,10,13,30323488,NA
Gm13_30267567,30267567,0,0,149,67,1,0,-0.0898853398853401,0.311059907834101,0.121947590789065,0.119739714579671,0.8,10,13,30323488,NA
Gm13_30267664,30267664,11,MG13,203,13,1,0,0.266360505166475,0.0622119815668203,0.998821176470588,1,0.8,10,13,30323488,Gm13_30323488_MG13
Gm13_30268372,30268372,12,MG5,106,109,2,0,-0.0221418489767113,0.506912442396313,0.9852143,1,0.8,10,13,30323488,Gm13_30323488_MG5
Gm13_30268659,30268659,11,MG13,203,13,1,0,0.266360505166475,0.0622119815668203,0.998821176470588,1,0.8,10,13,30323488,Gm13_30323488_MG13
Gm13_30268664,30268664,3,MG15,201,16,0,0,0.221733668341709,0.0737327188940092,0.974724837837838,0.980132657142857,0.8,10,13,30323488,Gm13_30323488_MG15
Gm13_30268682,30268682,11,MG13,203,13,1,0,0.266360505166475,0.0622119815668203,0.998821176470588,1,0.8,10,13,30323488,Gm13_30323488_MG13
Gm13_30268707,30268707,11,MG13,203,13,1,0,0.266360505166475,0.0622119815668203,0.998821176470588,1,0.8,10,13,30323488,Gm13_30323488_MG13
Gm13_30268714,30268714,11,MG13,203,13,1,0,0.266360505166475,0.0622119815668203,0.998821176470588,1,0.8,10,13,30323488,Gm13_30323488_MG13
Gm13_30268737,30268737,11,MG13,203,13,1,0,0.266360505166475,0.0622119815668203,0.998821176470588,1,0.8,10,13,30323488,Gm13_30323488_MG13
Gm13_30268754,30268754,3,MG15,201,16,0,0,0.221733668341709,0.0737327188940092,0.974724837837838,0.980132657142857,0.8,10,13,30323488,Gm13_30323488_MG15
Gm13_30268802,30268802,0,0,192,23,2,0,0.276201372997712,0.110599078341014,0.0868004210523738,0.093013249692214,0.8,10,13,30323488,NA
Gm13_30268821,30268821,0,0,96,119,2,0,0.0210978008224567,0.552995391705069,0.138399298266822,0.136111594774074,0.8,10,13,30323488,NA
Gm13_30268891,30268891,12,MG5,106,109,2,0,-0.0221418489767113,0.506912442396313,0.9852143,1,0.8,10,13,30323488,Gm13_30323488_MG5
Gm13_30268895,30268895,11,MG13,203,13,1,0,0.266360505166475,0.0622119815668203,0.998821176470588,1,0.8,10,13,30323488,Gm13_30323488_MG13
Gm13_30268969,30268969,8,MG17,190,26,1,0,0.103915343915344,0.122119815668203,0.953825071428571,0.959785615384615,0.8,10,13,30323488,Gm13_30323488_MG17
Gm13_30269023,30269023,0,0,41,175,1,0,-0.187068965517241,0.808755760368664,0.145770572260374,0.143850066599671,0.8,10,13,30323488,NA
Gm13_30269121,30269121,3,MG15,202,15,0,0,0.211666666666667,0.0691244239631336,0.923328216216216,0.929174514285714,0.8,10,13,30323488,Gm13_30323488_MG15
Gm13_30270246,30270246,0,0,97,116,4,0,-0.00989110707804008,0.543778801843318,0.129393496330327,0.127880121130412,0.8,10,13,30323488,NA
Gm13_30270669,30270669,0,0,161,55,1,0,-0.150694444444444,0.255760368663594,0.125952617331248,0.12117357918472,0.8,10,13,30323488,NA
Gm13_30270858,30270858,12,MG5,106,109,2,0,-0.0221418489767113,0.506912442396313,0.9852143,1,0.8,10,13,30323488,Gm13_30323488_MG5
Gm13_30271299,30271299,5,MG16,188,29,0,0,-0.335743418613274,0.133640552995392,0.986782565217391,0.993556545454545,0.8,10,13,30323488,Gm13_30323488_MG16
Gm13_30271391,30271391,0,0,93,122,2,0,0.0209872095117996,0.566820276497696,0.144388492488318,0.142468985195473,0.8,10,13,30323488,NA
Gm13_30271411,30271411,5,MG16,188,29,0,0,-0.335743418613274,0.133640552995392,0.986782565217391,0.993556545454545,0.8,10,13,30323488,Gm13_30323488_MG16
Gm13_30271466,30271466,0,0,182,33,2,0,0.281313131313131,0.15668202764977,0.0903955937892523,0.0953929149008231,0.8,10,13,30323488,NA
Gm13_30272358,30272358,3,MG15,202,15,0,0,0.211666666666667,0.0691244239631336,0.923328216216216,0.929174514285714,0.8,10,13,30323488,Gm13_30323488_MG15
Gm13_30272592,30272592,0,0,92,123,2,0,0.0273712737127372,0.571428571428571,0.143911765992271,0.141714772602247,0.8,10,13,30323488,NA
Gm13_30272699,30272699,0,0,159,57,1,0,-0.155289330922242,0.264976958525346,0.126578131774766,0.121408799999177,0.8,10,13,30323488,NA
Gm13_30272812,30272812,13,MG2,39,176,2,0,-0.20781954887218,0.815668202764977,0.939129923076923,0.9417845,0.8,10,13,30323488,Gm13_30323488_MG2
Gm13_30272948,30272948,0,0,161,55,1,0,-0.150694444444444,0.255760368663594,0.125952617331248,0.12117357918472,0.8,10,13,30323488,NA
Gm13_30273197,30273197,0,0,119,95,3,0,-0.0778227620332883,0.444700460829493,0.129122017312617,0.125317892077778,0.8,10,13,30323488,NA
Gm13_30273530,30273530,12,MG5,106,109,2,0,-0.0221418489767113,0.506912442396313,0.9852143,1,0.8,10,13,30323488,Gm13_30323488_MG5
Gm13_30273723,30273723,12,MG5,106,109,2,0,-0.0221418489767113,0.506912442396313,0.9852143,1,0.8,10,13,30323488,Gm13_30323488_MG5
Gm13_30273980,30273980,12,MG5,106,109,2,0,-0.0221418489767113,0.506912442396313,0.9852143,1,0.8,10,13,30323488,Gm13_30323488_MG5
Gm13_30274116,30274116,11,0,204,13,0,0,0.26961157654227,0.0599078341013825,0.981138823529412,0.029049863521351,0.8,10,13,30323488,NA
Gm13_30274142,30274142,11,MG13,203,13,1,0,0.266360505166475,0.0622119815668203,0.998821176470588,1,0.8,10,13,30323488,Gm13_30323488_MG13
Gm13_30274481,30274481,3,MG15,201,16,0,0,0.221733668341709,0.0737327188940092,0.974724837837838,0.980132657142857,0.8,10,13,30323488,Gm13_30323488_MG15
Gm13_30275142,30275142,3,MG15,201,16,0,0,0.221733668341709,0.0737327188940092,0.974724837837838,0.980132657142857,0.8,10,13,30323488,Gm13_30323488_MG15
Gm13_30275173,30275173,11,MG13,203,13,1,0,0.266360505166475,0.0622119815668203,0.998821176470588,1,0.8,10,13,30323488,Gm13_30323488_MG13
Gm13_30275282,30275282,11,MG13,203,13,1,0,0.266360505166475,0.0622119815668203,0.998821176470588,1,0.8,10,13,30323488,Gm13_30323488_MG13
Gm13_30276480,30276480,11,MG13,203,13,1,0,0.266360505166475,0.0622119815668203,0.998821176470588,1,0.8,10,13,30323488,Gm13_30323488_MG13
Gm13_30276538,30276538,11,MG13,203,13,1,0,0.266360505166475,0.0622119815668203,0.998821176470588,1,0.8,10,13,30323488,Gm13_30323488_MG13
Gm13_30277095,30277095,11,MG13,203,13,1,0,0.266360505166475,0.0622119815668203,0.998821176470588,1,0.8,10,13,30323488,Gm13_30323488_MG13
Gm13_30279045,30279045,12,0,102,113,2,0,-0.016283185840708,0.525345622119816,0.9423622,0.136448669566008,0.8,10,13,30323488,NA
Gm13_30279226,30279226,0,0,92,123,2,0,0.0273712737127372,0.571428571428571,0.143911765992271,0.141714772602247,0.8,10,13,30323488,NA
Gm13_30280164,30280164,12,0,102,112,3,0,-0.0103571428571427,0.523041474654378,0.9384286,0.135864064212757,0.8,10,13,30323488,NA
Gm13_30280530,30280530,11,MG13,203,13,1,0,0.266360505166475,0.0622119815668203,0.998821176470588,1,0.8,10,13,30323488,Gm13_30323488_MG13
Gm13_30280899,30280899,11,MG13,203,13,1,0,0.266360505166475,0.0622119815668203,0.998821176470588,1,0.8,10,13,30323488,Gm13_30323488_MG13
Gm13_30281266,30281266,12,MG5,106,109,2,0,-0.0221418489767113,0.506912442396313,0.9852143,1,0.8,10,13,30323488,Gm13_30323488_MG5
Gm13_30281585,30281585,0,0,119,95,3,0,-0.0778227620332883,0.444700460829493,0.129122017312617,0.125317892077778,0.8,10,13,30323488,NA
Gm13_30281675,30281675,0,0,119,95,3,0,-0.0778227620332883,0.444700460829493,0.129122017312617,0.125317892077778,0.8,10,13,30323488,NA
Gm13_30281888,30281888,4,MG1,35,181,1,0,-0.179084967320261,0.836405529953917,0.9967711,1,0.8,10,13,30323488,Gm13_30323488_MG1
Gm13_30281918,30281918,12,MG5,106,109,2,0,-0.0221418489767113,0.506912442396313,0.9852143,1,0.8,10,13,30323488,Gm13_30323488_MG5
Gm13_30282273,30282273,0,0,123,88,6,0,-0.0351239669421486,0.419354838709677,0.127919957104618,0.124291916215589,0.8,10,13,30323488,NA
Gm13_30282356,30282356,8,MG17,190,26,1,0,0.103915343915344,0.122119815668203,0.953825071428571,0.959785615384615,0.8,10,13,30323488,Gm13_30323488_MG17
Gm13_30282419,30282419,0,0,92,123,2,0,0.0273712737127372,0.571428571428571,0.143911765992271,0.141714772602247,0.8,10,13,30323488,NA
Gm13_30282426,30282426,0,0,92,123,2,0,0.0273712737127372,0.571428571428571,0.143911765992271,0.141714772602247,0.8,10,13,30323488,NA
Gm13_30282870,30282870,4,MG1,35,181,1,0,-0.179084967320261,0.836405529953917,0.9967711,1,0.8,10,13,30323488,Gm13_30323488_MG1
Gm13_30283052,30283052,11,MG13,203,13,1,0,0.266360505166475,0.0622119815668203,0.998821176470588,1,0.8,10,13,30323488,Gm13_30323488_MG13
Gm13_30283658,30283658,0,0,72,144,1,0,0.0374273613710234,0.665898617511521,0.175507041752336,0.180387001790123,0.8,10,13,30323488,NA
Gm13_30283997,30283997,4,MG1,35,181,1,0,-0.179084967320261,0.836405529953917,0.9967711,1,0.8,10,13,30323488,Gm13_30323488_MG1
Gm13_30284056,30284056,0,0,96,117,4,0,-0.0778584392014519,0.548387096774194,0.129552025084112,0.134512347769547,0.8,10,13,30323488,NA
Gm13_30286211,30286211,0,0,88,127,2,0,-0.0503557744937055,0.589861751152074,0.119850889998131,0.120841027655144,0.8,10,13,30323488,NA
Gm13_30286468,30286468,5,MG16,188,29,0,0,-0.335743418613274,0.133640552995392,0.986782565217391,0.993556545454545,0.8,10,13,30323488,Gm13_30323488_MG16
Gm13_30287625,30287625,8,MG17,190,26,1,0,0.103915343915344,0.122119815668203,0.953825071428571,0.959785615384615,0.8,10,13,30323488,Gm13_30323488_MG17
Gm13_30291675,30291675,0,0,68,147,2,0,0.0717644653445102,0.682027649769585,0.178532508485981,0.182476175786008,0.8,10,13,30323488,NA
Gm13_30292590,30292590,3,MG15,199,17,1,0,0.23260674828307,0.0806451612903226,0.913029675675676,0.918938514285714,0.8,10,13,30323488,Gm13_30323488_MG15
Gm13_30293949,30293949,14,MG14,188,29,0,0,-0.694475342973675,0.133640552995392,0.824748133333333,0.827191928571429,0.8,10,13,30323488,Gm13_30323488_MG14
Gm13_30295539,30295539,3,MG15,199,17,1,0,0.23260674828307,0.0806451612903226,0.913029675675676,0.918938514285714,0.8,10,13,30323488,Gm13_30323488_MG15
Gm13_30295895,30295895,0,0,204,12,1,0,0.174917491749175,0.0576036866359447,0.0681450397663551,0.0648037472427984,0.8,10,13,30323488,NA
Gm13_30296784,30296784,0,0,66,150,1,0,0.0605059370160042,0.693548387096774,0.182102287962617,0.185171620674897,0.8,10,13,30323488,NA
Gm13_30297227,30297227,0,0,158,55,4,0,0.25312573720217,0.262672811059908,0.0741854946670093,0.074577121924856,0.8,10,13,30323488,NA
Gm13_30297400,30297400,8,MG17,190,26,1,0,0.103915343915344,0.122119815668203,0.953825071428571,0.959785615384615,0.8,10,13,30323488,Gm13_30323488_MG17
Gm13_30297836,30297836,0,0,82,134,1,0,-0.00983941334818517,0.619815668202765,0.156453474373832,0.158564862740741,0.8,10,13,30323488,NA
Gm13_30298056,30298056,4,MG1,35,181,1,0,-0.179084967320261,0.836405529953917,0.9967711,1,0.8,10,13,30323488,Gm13_30323488_MG1
Gm13_30299805,30299805,3,MG15,201,16,0,0,0.221733668341709,0.0737327188940092,0.974724837837838,0.980132657142857,0.8,10,13,30323488,Gm13_30323488_MG15
Gm13_30299837,30299837,4,MG1,35,181,1,0,-0.179084967320261,0.836405529953917,0.9967711,1,0.8,10,13,30323488,Gm13_30323488_MG1
Gm13_30300237,30300237,8,MG17,190,26,1,0,0.103915343915344,0.122119815668203,0.953825071428571,0.959785615384615,0.8,10,13,30323488,Gm13_30323488_MG17
Gm13_30300354,30300354,0,0,55,161,1,0,-0.214583333333333,0.744239631336406,0.114834638433178,0.115081057377366,0.8,10,13,30323488,NA
Gm13_30300654,30300654,0,0,121,94,2,0,0,0.43778801843318,0.0877533151640159,0.0849108989510263,0.8,10,13,30323488,NA
Gm13_30300655,30300655,0,0,121,94,2,0,0,0.43778801843318,0.0877533151640159,0.0849108989510263,0.8,10,13,30323488,NA
Gm13_30300726,30300726,0,0,166,51,0,0,0.195757575757576,0.235023041474654,0.113085488720748,0.117283813482469,0.8,10,13,30323488,NA
Gm13_30300979,30300979,5,MG16,188,29,0,0,-0.335743418613274,0.133640552995392,0.986782565217391,0.993556545454545,0.8,10,13,30323488,Gm13_30323488_MG16
Gm13_30301049,30301049,3,MG15,201,16,0,0,0.221733668341709,0.0737327188940092,0.974724837837838,0.980132657142857,0.8,10,13,30323488,Gm13_30323488_MG15
Gm13_30301064,30301064,4,MG1,35,181,1,0,-0.179084967320261,0.836405529953917,0.9967711,1,0.8,10,13,30323488,Gm13_30323488_MG1
Gm13_30301207,30301207,0,0,57,156,4,0,-0.281451612903226,0.728110599078341,0.102548849688505,0.10040442847465,0.8,10,13,30323488,NA
Gm13_30301320,30301320,5,MG16,188,29,0,0,-0.335743418613274,0.133640552995392,0.986782565217391,0.993556545454545,0.8,10,13,30323488,Gm13_30323488_MG16
Gm13_30301375,30301375,0,0,200,14,3,0,0.358585858585859,0.0714285714285714,0.0717569146401869,0.0667479214526749,0.8,10,13,30323488,NA
Gm13_30301385,30301385,0,0,57,156,4,0,-0.281451612903226,0.728110599078341,0.102548849688505,0.10040442847465,0.8,10,13,30323488,NA
Gm13_30301406,30301406,5,MG16,188,29,0,0,-0.335743418613274,0.133640552995392,0.986782565217391,0.993556545454545,0.8,10,13,30323488,Gm13_30323488_MG16
Gm13_30301462,30301462,0,0,127,84,6,0,0.227863836297571,0.400921658986175,0.106834634639019,0.108218414414609,0.8,10,13,30323488,NA
Gm13_30301515,30301515,0,0,200,14,3,0,0.358585858585859,0.0714285714285714,0.0717569146401869,0.0667479214526749,0.8,10,13,30323488,NA
Gm13_30301544,30301544,0,0,52,161,4,0,-0.256495098039216,0.751152073732719,0.112304120023832,0.110239056890288,0.8,10,13,30323488,NA
Gm13_30301632,30301632,0,0,182,33,2,0,-0.292424242424242,0.15668202764977,0.113687562292991,0.112477889385597,0.8,10,13,30323488,NA
Gm13_30301645,30301645,3,MG15,201,16,0,0,0.221733668341709,0.0737327188940092,0.974724837837838,0.980132657142857,0.8,10,13,30323488,Gm13_30323488_MG15
Gm13_30301712,30301712,0,0,152,62,3,0,-0.504086021505376,0.292626728110599,0.0879554984218607,0.0856636052307745,0.8,10,13,30323488,NA
Gm13_30301764,30301764,0,0,124,86,7,0,-0.354555852077774,0.412442396313364,0.0829489000208411,0.0799808227755556,0.8,10,13,30323488,NA
Gm13_30301779,30301779,5,MG16,188,29,0,0,-0.335743418613274,0.133640552995392,0.986782565217391,0.993556545454545,0.8,10,13,30323488,Gm13_30323488_MG16
Gm13_30301793,30301793,14,MG14,188,26,3,0,-0.642679900744417,0.126728110599078,0.829917,0.841496285714286,0.8,10,13,30323488,Gm13_30323488_MG14
Gm13_30301800,30301800,5,MG16,188,29,0,0,-0.335743418613274,0.133640552995392,0.986782565217391,0.993556545454545,0.8,10,13,30323488,Gm13_30323488_MG16
Gm13_30301828,30301828,13,MG2,39,177,1,0,-0.205741626794258,0.817972350230415,0.945272,0.947820666666667,0.8,10,13,30323488,Gm13_30323488_MG2
Gm13_30302114,30302114,5,MG16,186,30,1,0,-0.31195652173913,0.140552995391705,0.947272782608696,0.950362363636364,0.8,10,13,30323488,Gm13_30323488_MG16
Gm13_30302127,30302127,5,MG16,188,29,0,0,-0.335743418613274,0.133640552995392,0.986782565217391,0.993556545454545,0.8,10,13,30323488,Gm13_30323488_MG16
Gm13_30302176,30302176,5,MG16,188,29,0,0,-0.335743418613274,0.133640552995392,0.986782565217391,0.993556545454545,0.8,10,13,30323488,Gm13_30323488_MG16
Gm13_30302203,30302203,0,0,124,86,7,0,-0.354555852077774,0.412442396313364,0.0829489000208411,0.0799808227755556,0.8,10,13,30323488,NA
Gm13_30302407,30302407,3,MG15,201,16,0,0,0.221733668341709,0.0737327188940092,0.974724837837838,0.980132657142857,0.8,10,13,30323488,Gm13_30323488_MG15
Gm13_30302459,30302459,0,0,155,58,4,0,-0.465629930132973,0.276497695852535,0.0839801808135514,0.0816921416798354,0.8,10,13,30323488,NA
Gm13_30302722,30302722,0,0,121,90,6,0,-0.345751633986928,0.428571428571429,0.0826224396420561,0.0798656588650206,0.8,10,13,30323488,NA
Gm13_30302790,30302790,0,0,146,68,3,0,-0.437091503267974,0.320276497695853,0.0813798221185981,0.0807215760550617,0.8,10,13,30323488,NA
Gm13_30302798,30302798,0,0,197,17,3,0,0.300150829562594,0.0852534562211982,0.0747191320597664,0.070009518439465,0.8,10,13,30323488,NA
Gm13_30303329,30303329,0,0,200,14,3,0,0.358585858585859,0.0714285714285714,0.0717569146401869,0.0667479214526749,0.8,10,13,30323488,NA
Gm13_30303585,30303585,8,MG17,189,27,1,0,0.114975450081833,0.126728110599078,0.931073714285714,0.938166230769231,0.8,10,13,30323488,Gm13_30323488_MG17
Gm13_30303760,30303760,0,0,111,100,6,0,0.243434343434344,0.474654377880184,0.114661277861682,0.118877873384362,0.8,10,13,30323488,NA
Gm13_30304065,30304065,13,MG2,39,176,2,0,-0.20781954887218,0.815668202764977,0.939129923076923,0.9417845,0.8,10,13,30323488,Gm13_30323488_MG2
Gm13_30304220,30304220,3,MG15,201,16,0,0,0.221733668341709,0.0737327188940092,0.974724837837838,0.980132657142857,0.8,10,13,30323488,Gm13_30323488_MG15
Gm13_30304375,30304375,0,0,185,32,0,0,0.241120218579235,0.147465437788018,0.0657964974883178,0.0727650395823045,0.8,10,13,30323488,NA
Gm13_30305367,30305367,14,MG14,190,24,3,0,-0.718971631205674,0.117511520737327,0.8963448,0.907898785714286,0.8,10,13,30323488,Gm13_30323488_MG14
Gm13_30305993,30305993,13,0,42,174,1,0,-0.133088960947413,0.804147465437788,0.876593538461538,0.162293117283951,0.8,10,13,30323488,NA
Gm13_30306281,30306281,0,0,185,30,2,0,0.271584699453552,0.142857142857143,0.0664586817823308,0.0717917351531638,0.8,10,13,30323488,NA
Gm13_30306659,30306659,0,0,106,108,3,0,-0.0692478860703158,0.504608294930876,0.155636952828972,0.154456324425514,0.8,10,13,30323488,NA
Gm13_30306843,30306843,3,MG15,201,16,0,0,0.221733668341709,0.0737327188940092,0.974724837837838,0.980132657142857,0.8,10,13,30323488,Gm13_30323488_MG15
Gm13_30307399,30307399,0,0,106,108,3,0,-0.0692478860703158,0.504608294930876,0.155636952828972,0.154456324425514,0.8,10,13,30323488,NA
Gm13_30307649,30307649,0,0,106,108,3,0,-0.0692478860703158,0.504608294930876,0.155636952828972,0.154456324425514,0.8,10,13,30323488,NA
Gm13_30307919,30307919,0,0,106,108,3,0,-0.0692478860703158,0.504608294930876,0.155636952828972,0.154456324425514,0.8,10,13,30323488,NA
Gm13_30308396,30308396,13,MG2,39,177,1,0,-0.205741626794258,0.817972350230415,0.945272,0.947820666666667,0.8,10,13,30323488,Gm13_30323488_MG2
Gm13_30308422,30308422,0,0,73,141,3,0,-0.247619047619048,0.65668202764977,0.116045625059159,0.114195238260082,0.8,10,13,30323488,NA
Gm13_30308948,30308948,0,0,139,74,4,0,0.206769902719873,0.350230414746544,0.117679780738318,0.117499239004115,0.8,10,13,30323488,NA
Gm13_30309122,30309122,0,0,106,108,3,0,-0.0692478860703158,0.504608294930876,0.155636952828972,0.154456324425514,0.8,10,13,30323488,NA
Gm13_30309862,30309862,0,0,106,108,3,0,-0.0692478860703158,0.504608294930876,0.155636952828972,0.154456324425514,0.8,10,13,30323488,NA
Gm13_30310256,30310256,3,MG15,201,16,0,0,0.221733668341709,0.0737327188940092,0.974724837837838,0.980132657142857,0.8,10,13,30323488,Gm13_30323488_MG15
Gm13_30310596,30310596,3,MG15,202,15,0,0,0.211666666666667,0.0691244239631336,0.923328216216216,0.929174514285714,0.8,10,13,30323488,Gm13_30323488_MG15
Gm13_30310872,30310872,0,0,170,42,5,0,0.232142857142857,0.205069124423963,0.0961710249920561,0.0901892211703704,0.8,10,13,30323488,NA
Gm13_30310873,30310873,15,MG6,131,82,4,0,0.250237416904084,0.387096774193548,0.9882558,0.9882558,0.8,10,13,30323488,Gm13_30323488_MG6
Gm13_30311462,30311462,15,MG6,130,83,4,0,0.255624881830214,0.391705069124424,0.9728049,0.9728049,0.8,10,13,30323488,Gm13_30323488_MG6
Gm13_30311471,30311471,15,MG6,130,83,4,0,0.255624881830214,0.391705069124424,0.9728049,0.9728049,0.8,10,13,30323488,Gm13_30323488_MG6
Gm13_30311493,30311493,15,MG6,131,82,4,0,0.250237416904084,0.387096774193548,0.9882558,0.9882558,0.8,10,13,30323488,Gm13_30323488_MG6
Gm13_30311513,30311513,0,0,184,30,3,0,0.306959706959707,0.145161290322581,0.0812361412718832,0.0760518489390247,0.8,10,13,30323488,NA
Gm13_30311555,30311555,8,MG17,191,26,0,0,0.102105263157895,0.119815668202765,0.893751142857143,0.895861076923077,0.8,10,13,30323488,Gm13_30323488_MG17
Gm13_30311576,30311576,15,MG6,131,82,4,0,0.250237416904084,0.387096774193548,0.9882558,0.9882558,0.8,10,13,30323488,Gm13_30323488_MG6
Gm13_30311646,30311646,0,0,102,111,4,0,0.0754275427542754,0.52073732718894,0.10120236924729,0.0967999767198354,0.8,10,13,30323488,NA
Gm13_30311843,30311843,15,MG6,131,82,4,0,0.250237416904084,0.387096774193548,0.9882558,0.9882558,0.8,10,13,30323488,Gm13_30323488_MG6
Gm13_30313035,30313035,0,0,175,37,5,0,0.300421809092329,0.182027649769585,0.0924042516328972,0.0866098464997531,0.8,10,13,30323488,NA
Gm13_30313162,30313162,0,0,177,39,1,0,0.147428229665072,0.182027649769585,0.119539650560748,0.121190764526749,0.8,10,13,30323488,NA
Gm13_30313785,30313785,0,0,116,97,4,0,0.302898550724638,0.456221198156682,0.140496345094299,0.14147039063037,0.8,10,13,30323488,NA
Gm13_30313789,30313789,3,MG15,201,16,0,0,0.221733668341709,0.0737327188940092,0.974724837837838,0.980132657142857,0.8,10,13,30323488,Gm13_30323488_MG15
Gm13_30313852,30313852,0,0,116,97,4,0,0.302898550724638,0.456221198156682,0.140496345094299,0.14147039063037,0.8,10,13,30323488,NA
Gm13_30313879,30313879,15,MG6,132,81,4,0,0.244847328244275,0.382488479262673,0.9844112,0.9844112,0.8,10,13,30323488,Gm13_30323488_MG6
Gm13_30313920,30313920,0,0,115,98,4,0,0.299963827093507,0.460829493087558,0.140903442187589,0.141666453134255,0.8,10,13,30323488,NA
Gm13_30313942,30313942,5,MG16,188,29,0,0,-0.335743418613274,0.133640552995392,0.986782565217391,0.993556545454545,0.8,10,13,30323488,Gm13_30323488_MG16
Gm13_30313969,30313969,15,MG6,132,81,4,0,0.244847328244275,0.382488479262673,0.9844112,0.9844112,0.8,10,13,30323488,Gm13_30323488_MG6
Gm13_30314004,30314004,15,MG6,132,81,4,0,0.244847328244275,0.382488479262673,0.9844112,0.9844112,0.8,10,13,30323488,Gm13_30323488_MG6
Gm13_30314026,30314026,15,MG6,132,81,4,0,0.244847328244275,0.382488479262673,0.9844112,0.9844112,0.8,10,13,30323488,Gm13_30323488_MG6
Gm13_30314877,30314877,0,0,195,21,1,0,0.10387367382186,0.0990783410138249,0.0731903157056075,0.0775661851481481,0.8,10,13,30323488,NA
Gm13_30315777,30315777,0,0,202,14,1,0,0.125714285714286,0.0668202764976959,0.0612120480652804,0.0579569772055827,0.8,10,13,30323488,NA
Gm13_30316052,30316052,0,0,132,83,2,0,0.229286911189723,0.387096774193548,0.108641085865888,0.107861789198765,0.8,10,13,30323488,NA
Gm13_30316102,30316102,0,0,157,56,4,0,0.276573426573427,0.267281105990783,0.0998023557650467,0.1006717062293,0.8,10,13,30323488,NA
Gm13_30316456,30316456,14,MG14,191,22,4,0,-0.711159211159211,0.110599078341014,0.9293106,0.939834071428571,0.8,10,13,30323488,Gm13_30323488_MG14
Gm13_30316905,30316905,0,0,167,48,2,0,0.182004614201487,0.225806451612903,0.114365632498598,0.115532241377366,0.8,10,13,30323488,NA
Gm13_30316958,30316958,5,MG16,187,29,1,0,-0.339608574091333,0.135944700460829,0.978698173913043,0.985524681818182,0.8,10,13,30323488,Gm13_30323488_MG16
Gm13_30316965,30316965,0,0,182,33,2,0,0.171616022099448,0.15668202764977,0.106523931466822,0.109708010551029,0.8,10,13,30323488,NA
Gm13_30316995,30316995,0,0,202,14,1,0,0.125714285714286,0.0668202764976959,0.0612120480652804,0.0579569772055827,0.8,10,13,30323488,NA
Gm13_30317372,30317372,0,0,76,135,6,0,0.0748258706467662,0.63594470046083,0.108861411015514,0.113300984655638,0.8,10,13,30323488,NA
Gm13_30318029,30318029,8,MG17,189,27,1,0,0.114975450081833,0.126728110599078,0.915273,0.922622846153846,0.8,10,13,30323488,Gm13_30323488_MG17
Gm13_30318077,30318077,0,0,80,134,3,0,-0.238423268274015,0.624423963133641,0.0997013114412341,0.0976764550922802,0.8,10,13,30323488,NA
Gm13_30318238,30318238,0,0,114,100,3,0,0.0203571428571427,0.467741935483871,0.0853896117475234,0.0844242901809465,0.8,10,13,30323488,NA
Gm13_30318491,30318491,5,MG16,188,29,0,0,-0.335743418613274,0.133640552995392,0.986782565217391,0.993556545454545,0.8,10,13,30323488,Gm13_30323488_MG16
Gm13_30318664,30318664,14,MG14,190,22,5,0,-0.709864603481625,0.112903225806452,0.9192708,0.929842142857143,0.8,10,13,30323488,Gm13_30323488_MG14
Gm13_30319451,30319451,0,0,146,69,2,0,0.252028397565923,0.32258064516129,0.125316449150113,0.14594370460298,0.8,10,13,30323488,NA
Gm13_30319498,30319498,0,0,141,74,2,0,0.277886497064579,0.345622119815668,0.121381696171963,0.139290072637037,0.8,10,13,30323488,NA
Gm13_30319840,30319840,0,0,148,67,2,0,0.263450834879406,0.313364055299539,0.125386943878271,0.144660412504527,0.8,10,13,30323488,NA
Gm13_30320318,30320318,13,MG2,37,178,2,0,-0.194915254237288,0.824884792626728,0.955221,0.962049083333333,0.8,10,13,30323488,Gm13_30323488_MG2
Gm13_30321051,30321051,0,0,121,92,4,0,-0.13992673992674,0.433179723502304,0.121434803737757,0.125287599472757,0.8,10,13,30323488,NA
Gm13_30321145,30321145,0,0,120,93,4,0,-0.14413591523566,0.43778801843318,0.121579354242056,0.125255918213169,0.8,10,13,30323488,NA
Gm13_30321193,30321193,16,MG10,171,46,0,0,0.164705882352941,0.211981566820276,0.9540237,0.961702222222222,0.8,10,13,30323488,Gm13_30323488_MG10
Gm13_30321483,30321483,0,0,121,92,4,0,-0.13992673992674,0.433179723502304,0.121434803737757,0.125287599472757,0.8,10,13,30323488,NA
Gm13_30321716,30321716,14,MG14,191,21,5,0,-0.708994708994709,0.108294930875576,0.921421666666667,0.932062928571429,0.8,10,13,30323488,Gm13_30323488_MG14
Gm13_30322034,30322034,0,0,203,12,2,0,0.353233830845771,0.0599078341013825,0.0414506604368785,0.0394524408785679,0.8,10,13,30323488,NA
Gm13_30322045,30322045,16,0,166,49,2,0,0.188257575757576,0.230414746543779,0.8652783,0.134754675596296,0.8,10,13,30323488,NA
Gm13_30322098,30322098,16,MG10,169,47,1,0,0.173395445134576,0.21889400921659,0.9692977,0.982184333333333,0.8,10,13,30323488,Gm13_30323488_MG10
Gm13_30322125,30322125,16,MG10,169,46,2,0,0.169047619047619,0.216589861751152,0.970516,0.984278222222222,0.8,10,13,30323488,Gm13_30323488_MG10
Gm13_30322176,30322176,16,MG10,169,46,2,0,0.169047619047619,0.216589861751152,0.970516,0.984278222222222,0.8,10,13,30323488,Gm13_30323488_MG10
Gm13_30322260,30322260,16,MG10,169,46,2,0,0.169047619047619,0.216589861751152,0.970516,0.984278222222222,0.8,10,13,30323488,Gm13_30323488_MG10
Gm13_30322269,30322269,16,MG10,169,46,2,0,0.169047619047619,0.216589861751152,0.970516,0.984278222222222,0.8,10,13,30323488,Gm13_30323488_MG10
Gm13_30322272,30322272,16,MG10,169,46,2,0,0.169047619047619,0.216589861751152,0.970516,0.984278222222222,0.8,10,13,30323488,Gm13_30323488_MG10
Gm13_30322425,30322425,0,0,183,29,5,0,-0.555534387502381,0.145161290322581,0.0962317931601383,0.0927895160340313,0.8,10,13,30323488,NA
Gm13_30322525,30322525,0,0,172,43,2,0,-0.439124487004104,0.202764976958525,0.0854694222397196,0.0831981381238683,0.8,10,13,30323488,NA
Gm13_30322542,30322542,16,MG10,169,47,1,0,0.173395445134576,0.21889400921659,0.9692977,0.982184333333333,0.8,10,13,30323488,Gm13_30323488_MG10
Gm13_30323055,30323055,13,MG2,36,178,3,0,-0.190153349475383,0.827188940092166,0.956108538461538,0.963563166666667,0.8,10,13,30323488,Gm13_30323488_MG2
Gm13_30323240,30323240,0,0,180,36,1,0,-0.202247191011236,0.168202764976959,0.106516575876276,0.106294914804621,0.8,10,13,30323488,NA
Gm13_30323446,30323446,17,MG9,140,77,0,0,0.28691783415373,0.354838709677419,0.981844155555556,0.995861378378378,0.8,10,13,30323488,Gm13_30323488_MG9
Gm13_30323488,30323488,17,MG9,140,77,0,0,0.28691783415373,0.354838709677419,0.981844155555556,0.995861378378378,0.8,10,13,30323488,Gm13_30323488_MG9
Gm13_30323599,30323599,0,0,204,12,1,0,0.351485148514852,0.0576036866359447,0.0550483618738318,0.0547412263781893,0.8,10,13,30323488,NA
Gm13_30323601,30323601,17,MG9,140,77,0,0,0.28691783415373,0.354838709677419,0.981844155555556,0.995861378378378,0.8,10,13,30323488,Gm13_30323488_MG9
Gm13_30323633,30323633,17,MG9,140,77,0,0,0.28691783415373,0.354838709677419,0.981844155555556,0.995861378378378,0.8,10,13,30323488,Gm13_30323488_MG9
Gm13_30323749,30323749,17,MG9,140,77,0,0,0.28691783415373,0.354838709677419,0.981844155555556,0.995861378378378,0.8,10,13,30323488,Gm13_30323488_MG9
Gm13_30323919,30323919,17,MG9,140,77,0,0,0.28691783415373,0.354838709677419,0.981844155555556,0.995861378378378,0.8,10,13,30323488,Gm13_30323488_MG9
Gm13_30323926,30323926,17,MG9,140,77,0,0,0.28691783415373,0.354838709677419,0.981844155555556,0.995861378378378,0.8,10,13,30323488,Gm13_30323488_MG9
Gm13_30323929,30323929,17,MG9,140,77,0,0,0.28691783415373,0.354838709677419,0.981844155555556,0.995861378378378,0.8,10,13,30323488,Gm13_30323488_MG9
Gm13_30323999,30323999,0,0,180,35,2,0,-0.256340288924559,0.165898617511521,0.110158286125234,0.109432142842798,0.8,10,13,30323488,NA
Gm13_30324020,30324020,17,MG9,140,77,0,0,0.28691783415373,0.354838709677419,0.981844155555556,0.995861378378378,0.8,10,13,30323488,Gm13_30323488_MG9
Gm13_30324093,30324093,17,MG9,140,77,0,0,0.28691783415373,0.354838709677419,0.981844155555556,0.995861378378378,0.8,10,13,30323488,Gm13_30323488_MG9
Gm13_30324167,30324167,17,MG9,140,77,0,0,0.28691783415373,0.354838709677419,0.981844155555556,0.995861378378378,0.8,10,13,30323488,Gm13_30323488_MG9
Gm13_30324192,30324192,17,MG9,140,77,0,0,0.28691783415373,0.354838709677419,0.981844155555556,0.995861378378378,0.8,10,13,30323488,Gm13_30323488_MG9
Gm13_30324301,30324301,0,0,160,56,1,0,0.201829616923956,0.26036866359447,0.11606868123271,0.131667358974486,0.8,10,13,30323488,NA
Gm13_30324322,30324322,17,MG9,139,77,1,0,0.282799389778795,0.357142857142857,0.977133288888889,0.99112227027027,0.8,10,13,30323488,Gm13_30323488_MG9
Gm13_30324336,30324336,17,MG9,140,77,0,0,0.28691783415373,0.354838709677419,0.981844155555556,0.995861378378378,0.8,10,13,30323488,Gm13_30323488_MG9
Gm13_30324363,30324363,17,MG9,140,77,0,0,0.28691783415373,0.354838709677419,0.981844155555556,0.995861378378378,0.8,10,13,30323488,Gm13_30323488_MG9
Gm13_30324365,30324365,17,MG9,140,77,0,0,0.28691783415373,0.354838709677419,0.981844155555556,0.995861378378378,0.8,10,13,30323488,Gm13_30323488_MG9
Gm13_30324381,30324381,0,0,198,17,2,0,0.298319327731092,0.0829493087557604,0.0539959974773832,0.0535273961734979,0.8,10,13,30323488,NA
Gm13_30324402,30324402,17,MG9,140,77,0,0,0.28691783415373,0.354838709677419,0.981844155555556,0.995861378378378,0.8,10,13,30323488,Gm13_30323488_MG9
Gm13_30324411,30324411,17,MG9,140,77,0,0,0.28691783415373,0.354838709677419,0.981844155555556,0.995861378378378,0.8,10,13,30323488,Gm13_30323488_MG9
Gm13_30324453,30324453,17,MG9,140,77,0,0,0.28691783415373,0.354838709677419,0.981844155555556,0.995861378378378,0.8,10,13,30323488,Gm13_30323488_MG9
Gm13_30324464,30324464,0,0,195,19,3,0,0.310062721570766,0.0944700460829493,0.057447022585,0.0577751606374074,0.8,10,13,30323488,NA
Gm13_30324479,30324479,17,MG9,140,77,0,0,0.28691783415373,0.354838709677419,0.981844155555556,0.995861378378378,0.8,10,13,30323488,Gm13_30323488_MG9
Gm13_30324513,30324513,17,MG9,140,77,0,0,0.28691783415373,0.354838709677419,0.981844155555556,0.995861378378378,0.8,10,13,30323488,Gm13_30323488_MG9
Gm13_30324514,30324514,17,MG9,140,77,0,0,0.28691783415373,0.354838709677419,0.981844155555556,0.995861378378378,0.8,10,13,30323488,Gm13_30323488_MG9
Gm13_30324542,30324542,17,MG9,140,77,0,0,0.28691783415373,0.354838709677419,0.981844155555556,0.995861378378378,0.8,10,13,30323488,Gm13_30323488_MG9
Gm13_30324601,30324601,17,MG9,140,77,0,0,0.28691783415373,0.354838709677419,0.981844155555556,0.995861378378378,0.8,10,13,30323488,Gm13_30323488_MG9
Gm13_30324611,30324611,0,0,63,148,6,0,0.232170287469827,0.695852534562212,0.116358449056542,0.118761481720576,0.8,10,13,30323488,NA
Gm13_30324612,30324612,17,MG9,140,77,0,0,0.28691783415373,0.354838709677419,0.981844155555556,0.995861378378378,0.8,10,13,30323488,Gm13_30323488_MG9
Gm13_30324647,30324647,13,MG2,36,178,3,0,-0.190153349475383,0.827188940092166,0.956108538461538,0.963563166666667,0.8,10,13,30323488,Gm13_30323488_MG2
Gm13_30324659,30324659,0,0,199,18,0,0,0.239142695995488,0.0829493087557604,0.0581131056168224,0.0559230767160494,0.8,10,13,30323488,NA
Gm13_30324671,30324671,17,MG9,140,77,0,0,0.28691783415373,0.354838709677419,0.981844155555556,0.995861378378378,0.8,10,13,30323488,Gm13_30323488_MG9
Gm13_30324735,30324735,17,MG9,140,77,0,0,0.28691783415373,0.354838709677419,0.981844155555556,0.995861378378378,0.8,10,13,30323488,Gm13_30323488_MG9
Gm13_30324739,30324739,17,MG9,140,77,0,0,0.28691783415373,0.354838709677419,0.981844155555556,0.995861378378378,0.8,10,13,30323488,Gm13_30323488_MG9
Gm13_30324754,30324754,0,0,82,128,7,0,-0.361329833770779,0.605990783410138,0.0890961468546262,0.0869468583859671,0.8,10,13,30323488,NA
Gm13_30324767,30324767,16,MG10,168,46,3,0,0.17125748502994,0.21889400921659,0.9131142,0.922576888888889,0.8,10,13,30323488,Gm13_30323488_MG10
Gm13_30324771,30324771,17,MG9,140,77,0,0,0.28691783415373,0.354838709677419,0.981844155555556,0.995861378378378,0.8,10,13,30323488,Gm13_30323488_MG9
Gm13_30324782,30324782,17,MG9,140,77,0,0,0.28691783415373,0.354838709677419,0.981844155555556,0.995861378378378,0.8,10,13,30323488,Gm13_30323488_MG9
Gm13_30324833,30324833,17,MG9,140,77,0,0,0.28691783415373,0.354838709677419,0.981844155555556,0.995861378378378,0.8,10,13,30323488,Gm13_30323488_MG9
Gm13_30324916,30324916,17,MG9,138,78,1,0,0.295099061522419,0.361751152073733,0.9641012,0.97917727027027,0.8,10,13,30323488,Gm13_30323488_MG9
Gm13_30324931,30324931,17,MG9,138,78,1,0,0.295099061522419,0.361751152073733,0.9641012,0.97917727027027,0.8,10,13,30323488,Gm13_30323488_MG9
Gm13_30324958,30324958,17,MG9,138,78,1,0,0.295099061522419,0.361751152073733,0.9641012,0.97917727027027,0.8,10,13,30323488,Gm13_30323488_MG9
Gm13_30325019,30325019,17,MG9,138,78,1,0,0.295099061522419,0.361751152073733,0.9641012,0.97917727027027,0.8,10,13,30323488,Gm13_30323488_MG9
Gm13_30325024,30325024,17,MG9,138,78,1,0,0.295099061522419,0.361751152073733,0.9641012,0.97917727027027,0.8,10,13,30323488,Gm13_30323488_MG9
Gm13_30325060,30325060,13,MG2,36,178,3,0,-0.190153349475383,0.827188940092166,0.956108538461538,0.963563166666667,0.8,10,13,30323488,Gm13_30323488_MG2
Gm13_30325111,30325111,17,MG9,138,78,1,0,0.295099061522419,0.361751152073733,0.9641012,0.97917727027027,0.8,10,13,30323488,Gm13_30323488_MG9
Gm13_30325143,30325143,0,0,172,39,6,0,-0.399849170437406,0.193548387096774,0.110622470307047,0.111385483439128,0.8,10,13,30323488,NA
Gm13_30325301,30325301,14,MG14,186,26,5,0,-0.650919732441471,0.131336405529954,0.836936266666667,0.831792571428571,0.8,10,13,30323488,Gm13_30323488_MG14
Gm13_30325674,30325674,17,0,143,68,6,0,0.258356106789994,0.327188940092166,0.924573244444444,0.146323697636214,0.8,10,13,30323488,NA
Gm13_30325735,30325735,17,0,143,69,5,0,0.260770505385253,0.329493087557604,0.9289928,0.147419066823045,0.8,10,13,30323488,NA
Gm13_30325736,30325736,17,0,143,69,5,0,0.260770505385253,0.329493087557604,0.9289928,0.147419066823045,0.8,10,13,30323488,NA
Gm13_30325784,30325784,17,0,143,69,5,0,0.260770505385253,0.329493087557604,0.9289928,0.147419066823045,0.8,10,13,30323488,NA
Gm13_30325993,30325993,17,0,143,69,5,0,0.260770505385253,0.329493087557604,0.9289928,0.147419066823045,0.8,10,13,30323488,NA
Gm13_30326036,30326036,17,0,143,69,5,0,0.260770505385253,0.329493087557604,0.9289928,0.147419066823045,0.8,10,13,30323488,NA
Gm13_30326061,30326061,17,0,143,69,5,0,0.260770505385253,0.329493087557604,0.9289928,0.147419066823045,0.8,10,13,30323488,NA
Gm13_30326138,30326138,17,0,143,69,5,0,0.260770505385253,0.329493087557604,0.9289928,0.147419066823045,0.8,10,13,30323488,NA
Gm13_30326262,30326262,0,0,138,74,5,0,0.287271272872713,0.352534562211982,0.118529512536449,0.141386260723457,0.8,10,13,30323488,NA
Gm13_30326268,30326268,0,0,138,74,5,0,0.287271272872713,0.352534562211982,0.118529512536449,0.141386260723457,0.8,10,13,30323488,NA
Gm13_30328530,30328530,0,0,175,41,1,0,-0.193007190187509,0.191244239631336,0.0891745106948598,0.0883480341921811,0.8,10,13,30323488,NA
Gm13_30328932,30328932,0,0,153,58,6,0,0.225877192982456,0.28110599078341,0.109111177112523,0.123161636004733,0.8,10,13,30323488,NA
Gm13_30328948,30328948,0,0,153,58,6,0,0.225877192982456,0.28110599078341,0.109111177112523,0.123161636004733,0.8,10,13,30323488,NA
Gm13_30329148,30329148,0,0,39,175,3,0,-0.204174228675136,0.813364055299539,0.140556361602804,0.141758754744856,0.8,10,13,30323488,NA
Gm13_30329305,30329305,0,0,182,30,5,0,-0.527777777777778,0.149769585253456,0.0910171981364486,0.0875987487703704,0.8,10,13,30323488,NA
Gm13_30329818,30329818,0,0,143,68,6,0,-0.440342094284522,0.327188940092166,0.080173356157243,0.0842245673154321,0.8,10,13,30323488,NA
Gm13_30329902,30329902,13,MG2,39,174,4,0,-0.212047459689687,0.811059907834101,0.888547846153846,0.897882166666667,0.8,10,13,30323488,Gm13_30323488_MG2
Gm13_30330006,30330006,13,MG2,39,174,4,0,-0.206267112868877,0.811059907834101,0.889711230769231,0.8991425,0.8,10,13,30323488,Gm13_30323488_MG2
Gm13_30330422,30330422,0,0,77,134,6,0,0.171052631578947,0.631336405529954,0.0989838270954206,0.101779547768395,0.8,10,13,30323488,NA
Gm13_30330563,30330563,5,MG16,188,29,0,0,-0.335743418613274,0.133640552995392,0.986782565217391,0.993556545454545,0.8,10,13,30323488,Gm13_30323488_MG16
Gm13_30330987,30330987,0,0,184,28,5,0,-0.626373626373626,0.140552995391705,0.0959636101555607,0.0950174293962551,0.8,10,13,30323488,NA
Gm13_30331605,30331605,0,0,192,23,2,0,0.0324942791762013,0.110599078341014,0.0944691139316822,0.0975884748995062,0.8,10,13,30323488,NA
Gm13_30331611,30331611,13,MG2,36,178,3,0,-0.190153349475383,0.827188940092166,0.956108538461538,0.963563166666667,0.8,10,13,30323488,Gm13_30323488_MG2
Gm13_30331643,30331643,5,MG16,188,29,0,0,-0.335743418613274,0.133640552995392,0.986782565217391,0.993556545454545,0.8,10,13,30323488,Gm13_30323488_MG16
Gm13_30331708,30331708,0,0,150,63,4,0,-0.00225225225225212,0.299539170506912,0.0652294979998505,0.0633389716684691,0.8,10,13,30323488,NA
Gm13_30331717,30331717,0,0,194,21,2,0,0.257512953367875,0.101382488479263,0.0911590476728972,0.0971670066748971,0.8,10,13,30323488,NA
Gm13_30331729,30331729,14,MG14,186,26,5,0,-0.650919732441471,0.131336405529954,0.836936266666667,0.831792571428571,0.8,10,13,30323488,Gm13_30323488_MG14
Gm13_30331863,30331863,14,0,184,27,6,0,-0.658119658119658,0.138248847926267,0.8070386,0.0947905720745671,0.8,10,13,30323488,NA
Gm13_30332113,30332113,5,0,181,33,3,0,-0.249365159979685,0.158986175115207,0.84874047826087,0.114482154875432,0.8,10,13,30323488,NA
Gm13_30332149,30332149,0,0,184,28,5,0,-0.626373626373626,0.140552995391705,0.0959636101555607,0.0950174293962551,0.8,10,13,30323488,NA
Gm13_30332178,30332178,0,0,205,11,1,0,0.253918495297806,0.0529953917050691,0.0410983572098131,0.0395628849954733,0.8,10,13,30323488,NA
Gm13_30332192,30332192,5,MG16,186,31,0,0,-0.292601683029453,0.142857142857143,0.925136826086956,0.926047181818182,0.8,10,13,30323488,Gm13_30323488_MG16
Gm13_30332267,30332267,13,MG2,36,177,4,0,-0.186525974025974,0.824884792626728,0.950460692307692,0.95809725,0.8,10,13,30323488,Gm13_30323488_MG2
Gm13_30332453,30332453,0,0,192,23,2,0,0.0324942791762013,0.110599078341014,0.0944691139316822,0.0975884748995062,0.8,10,13,30323488,NA
Gm13_30332773,30332773,0,0,192,23,2,0,0.0324942791762013,0.110599078341014,0.0944691139316822,0.0975884748995062,0.8,10,13,30323488,NA
Gm13_30332953,30332953,0,0,117,92,8,0,-0.365217391304348,0.442396313364055,0.0865847557785047,0.082802711582716,0.8,10,13,30323488,NA
Gm13_30333504,30333504,0,0,65,148,4,0,0.0688775510204083,0.691244239631336,0.181338985233645,0.185586410452675,0.8,10,13,30323488,NA
Gm13_30334068,30334068,0,0,141,69,7,0,0.178292148889584,0.334101382488479,0.0852894103998131,0.0859945495006584,0.8,10,13,30323488,NA
Gm13_30334486,30334486,0,0,56,156,5,0,-0.249287749287749,0.730414746543779,0.11877639532757,0.114823447477778,0.8,10,13,30323488,NA
Gm13_30335666,30335666,5,MG16,187,29,1,0,-0.339608574091333,0.135944700460829,0.978698173913043,0.985524681818182,0.8,10,13,30323488,Gm13_30323488_MG16
Gm13_30335727,30335727,0,0,133,81,3,0,-0.0250683253227781,0.380184331797235,0.0854188021560748,0.0834887115283951,0.8,10,13,30323488,NA
Gm13_30335960,30335960,0,0,195,20,2,0,0.250406945198047,0.0967741935483871,0.0924804629252336,0.0979706922057613,0.8,10,13,30323488,NA
Gm13_30336056,30336056,0,0,188,27,2,0,0.084826762246117,0.129032258064516,0.0947816412982243,0.0996460259169547,0.8,10,13,30323488,NA
Gm13_30336349,30336349,0,0,60,152,5,0,-0.246143375680581,0.711981566820276,0.114795909634673,0.110336655777037,0.8,10,13,30323488,NA
Gm13_30336714,30336714,0,0,64,148,5,0,-0.24411508282476,0.693548387096774,0.106947754308411,0.102811982826042,0.8,10,13,30323488,NA
Gm13_30336926,30336926,0,0,203,13,1,0,0.189437428243399,0.0622119815668203,0.0660618077476636,0.0629285483868313,0.8,10,13,30323488,NA
Gm13_30337025,30337025,0,0,56,156,5,0,-0.249287749287749,0.730414746543779,0.11877639532757,0.114823447477778,0.8,10,13,30323488,NA
Gm13_30338137,30338137,0,0,57,154,6,0,-0.257142857142857,0.723502304147465,0.117541113081776,0.113806476541152,0.8,10,13,30323488,NA
Gm13_30338248,30338248,0,0,57,154,6,0,-0.257142857142857,0.723502304147465,0.117541113081776,0.113806476541152,0.8,10,13,30323488,NA
Gm13_30338425,30338425,0,0,202,14,1,0,0.278571428571429,0.0668202764976959,0.0295914094002804,0.0277200239059531,0.8,10,13,30323488,NA
Gm13_30338646,30338646,14,MG14,189,23,5,0,-0.721227621483376,0.117511520737327,0.907804666666667,0.913364857142857,0.8,10,13,30323488,Gm13_30323488_MG14
Gm13_30340086,30340086,14,MG14,191,22,4,0,-0.711159211159211,0.110599078341014,0.9293106,0.939834071428571,0.8,10,13,30323488,Gm13_30323488_MG14
Gm13_30340089,30340089,14,MG14,191,22,4,0,-0.711159211159211,0.110599078341014,0.9293106,0.939834071428571,0.8,10,13,30323488,Gm13_30323488_MG14
Gm13_30340462,30340462,0,0,188,27,2,0,0.084826762246117,0.129032258064516,0.0947816412982243,0.0996460259169547,0.8,10,13,30323488,NA
Gm13_30340575,30340575,0,0,174,37,6,0,-0.43730358265242,0.184331797235023,0.0819347343771028,0.0780201824592593,0.8,10,13,30323488,NA
Gm13_30341382,30341382,0,0,142,67,8,0,-0.212686567164179,0.327188940092166,0.120389412804673,0.117817181988477,0.8,10,13,30323488,NA
Gm13_30341390,30341390,0,0,185,30,2,0,0.116393442622951,0.142857142857143,0.0947338822136449,0.100770505749877,0.8,10,13,30323488,NA
Gm13_30341445,30341445,0,0,127,84,6,0,-0.172571428571429,0.400921658986175,0.133183174383692,0.128935174531317,0.8,10,13,30323488,NA
Gm13_30341520,30341520,0,0,153,60,4,0,-0.0953642384105959,0.285714285714286,0.0866834631205607,0.0865256664658436,0.8,10,13,30323488,NA
Gm13_30341581,30341581,0,0,127,84,6,0,-0.172571428571429,0.400921658986175,0.133183174383692,0.128935174531317,0.8,10,13,30323488,NA
Gm13_30341615,30341615,0,0,127,84,6,0,-0.172571428571429,0.400921658986175,0.133183174383692,0.128935174531317,0.8,10,13,30323488,NA
Gm13_30341783,30341783,0,0,57,154,6,0,-0.257142857142857,0.723502304147465,0.117541113081776,0.113806476541152,0.8,10,13,30323488,NA
Gm13_30342015,30342015,14,MG14,190,23,4,0,-0.717160037002775,0.115207373271889,0.9131384,0.919741,0.8,10,13,30323488,Gm13_30323488_MG14
Gm13_30342072,30342072,0,0,97,113,7,0,-0.0293432696786213,0.536866359447005,0.14368254577215,0.139487824466008,0.8,10,13,30323488,NA
Gm13_30342107,30342107,0,0,143,66,8,0,-0.22147001934236,0.32258064516129,0.120512755598131,0.117621680251029,0.8,10,13,30323488,NA
Gm13_30342534,30342534,0,0,183,34,0,0,-0.271530711732207,0.15668202764977,0.115643782325234,0.11383386357037,0.8,10,13,30323488,NA
Gm13_30343088,30343088,0,0,159,52,6,0,0.196227339539441,0.253456221198157,0.102890145556916,0.105594902136543,0.8,10,13,30323488,NA
Gm13_30349462,30349462,14,MG14,191,22,4,0,-0.711159211159211,0.110599078341014,0.9293106,0.939834071428571,0.8,10,13,30323488,Gm13_30323488_MG14
Gm13_30350910,30350910,0,0,184,31,2,0,0.125841900035448,0.147465437788018,0.0943538118350467,0.10062363545144,0.8,10,13,30323488,NA
Gm13_30350917,30350917,0,0,183,29,5,0,-0.469994284625643,0.145161290322581,0.0928120796626168,0.0886947225835391,0.8,10,13,30323488,NA
Gm13_30411638,30411638,0,0,193,24,0,0,0.0434118673647468,0.110599078341014,0.098336623024486,0.102138993700576,0.8,10,13,30323488,NA
Gm13_30412537,30412537,14,MG14,191,21,5,0,-0.708994708994709,0.108294930875576,0.921421666666667,0.932062928571429,0.8,10,13,30323488,Gm13_30323488_MG14
